activity_id,contact_id,occurred_at,activity_type,direction,detail
A0001,C001,2026-09-09T15:20:00,inbound_reply,inbound,Prospect replied with buying-team context
A0002,C001,2026-08-31T08:00:00,crm_note,system,Routine account activity
A0003,C001,2026-08-28T07:00:00,email_open,system,Routine account activity
A0004,C002,2026-09-09T11:10:00,calendar_hold,system,Recorded pipeline activity
A0005,C002,2026-08-30T08:00:00,crm_note,system,Routine account activity
A0006,C002,2026-08-27T07:00:00,email_open,system,Routine account activity
A0007,C003,2026-09-05T09:05:00,inbound_reply,inbound,Prospect replied with buying-team context
A0008,C003,2026-08-29T08:00:00,crm_note,system,Routine account activity
A0009,C003,2026-08-26T07:00:00,email_open,system,Routine account activity
A0010,C004,2026-09-09T08:45:00,web_visit,system,Recorded pipeline activity
A0011,C004,2026-08-28T08:00:00,crm_note,system,Routine account activity
A0012,C004,2026-08-25T07:00:00,email_open,system,Routine account activity
A0013,C005,2026-09-08T14:15:00,calendar_hold,system,Recorded pipeline activity
A0014,C005,2026-08-27T08:00:00,crm_note,system,Routine account activity
A0015,C005,2026-08-24T07:00:00,email_open,system,Routine account activity
A0016,C006,2026-09-09T09:00:00,email_open,system,Recorded pipeline activity
A0017,C006,2026-08-26T08:00:00,crm_note,system,Routine account activity
A0018,C006,2026-08-23T07:00:00,email_open,system,Routine account activity
A0019,C007,2026-09-08T08:00:00,web_visit,system,Recorded pipeline activity
A0020,C007,2026-08-25T08:00:00,crm_note,system,Routine account activity
A0021,C007,2026-08-22T07:00:00,email_open,system,Routine account activity
A0022,C008,2026-09-07T07:00:00,crm_note,system,Recorded pipeline activity
A0023,C008,2026-08-24T08:00:00,crm_note,system,Routine account activity
A0024,C008,2026-08-21T07:00:00,email_open,system,Routine account activity
A0025,C009,2026-09-06T06:00:00,email_open,system,Recorded pipeline activity
A0026,C009,2026-08-23T08:00:00,crm_note,system,Routine account activity
A0027,C009,2026-08-20T07:00:00,email_open,system,Routine account activity
A0028,C010,2026-09-05T05:00:00,crm_note,system,Recorded pipeline activity
A0029,C010,2026-08-22T08:00:00,crm_note,system,Routine account activity
A0030,C010,2026-08-19T07:00:00,email_open,system,Routine account activity
A0031,C011,2026-09-04T04:00:00,web_visit,system,Recorded pipeline activity
A0032,C011,2026-08-21T08:00:00,crm_note,system,Routine account activity
A0033,C011,2026-08-18T07:00:00,email_open,system,Routine account activity
A0034,C012,2026-09-03T03:00:00,email_open,system,Recorded pipeline activity
A0035,C012,2026-08-20T08:00:00,crm_note,system,Routine account activity
A0036,C012,2026-08-17T07:00:00,email_open,system,Routine account activity
A0037,C013,2026-09-02T09:00:00,web_visit,system,Recorded pipeline activity
A0038,C013,2026-08-19T08:00:00,crm_note,system,Routine account activity
A0039,C013,2026-09-04T07:00:00,email_open,system,Routine account activity
A0040,C014,2026-09-01T08:00:00,crm_note,system,Recorded pipeline activity
A0041,C014,2026-08-18T08:00:00,crm_note,system,Routine account activity
A0042,C014,2026-09-03T07:00:00,email_open,system,Routine account activity
A0043,C015,2026-08-31T07:00:00,email_open,system,Recorded pipeline activity
A0044,C015,2026-08-17T08:00:00,crm_note,system,Routine account activity
A0045,C015,2026-09-02T07:00:00,email_open,system,Routine account activity
A0046,C016,2026-09-09T06:00:00,crm_note,system,Recorded pipeline activity
A0047,C016,2026-09-04T08:00:00,crm_note,system,Routine account activity
A0048,C016,2026-09-01T07:00:00,email_open,system,Routine account activity
A0049,C017,2026-09-08T05:00:00,web_visit,system,Recorded pipeline activity
A0050,C017,2026-09-03T08:00:00,crm_note,system,Routine account activity
A0051,C017,2026-08-31T07:00:00,email_open,system,Routine account activity
A0052,C018,2026-09-07T04:00:00,inbound_reply,inbound,Prospect replied with buying-team context
A0053,C018,2026-09-02T08:00:00,crm_note,system,Routine account activity
A0054,C018,2026-08-30T07:00:00,email_open,system,Routine account activity
A0055,C019,2026-09-06T03:00:00,web_visit,system,Recorded pipeline activity
A0056,C019,2026-09-01T08:00:00,crm_note,system,Routine account activity
A0057,C019,2026-08-29T07:00:00,email_open,system,Routine account activity
A0058,C020,2026-08-10T12:00:00,crm_note,system,Recorded pipeline activity
A0059,C020,2026-08-31T08:00:00,crm_note,system,Routine account activity
A0060,C020,2026-08-28T07:00:00,email_open,system,Routine account activity
A0061,C021,2026-09-04T08:00:00,email_open,system,Recorded pipeline activity
A0062,C021,2026-08-30T08:00:00,crm_note,system,Routine account activity
A0063,C021,2026-08-27T07:00:00,email_open,system,Routine account activity
A0064,C022,2026-09-03T07:00:00,crm_note,system,Recorded pipeline activity
A0065,C022,2026-08-29T08:00:00,crm_note,system,Routine account activity
A0066,C022,2026-08-26T07:00:00,email_open,system,Routine account activity
A0067,C023,2026-09-02T06:00:00,web_visit,system,Recorded pipeline activity
A0068,C023,2026-08-28T08:00:00,crm_note,system,Routine account activity
A0069,C023,2026-08-25T07:00:00,email_open,system,Routine account activity
A0070,C024,2026-09-01T05:00:00,email_open,system,Recorded pipeline activity
A0071,C024,2026-08-27T08:00:00,crm_note,system,Routine account activity
A0072,C024,2026-08-24T07:00:00,email_open,system,Routine account activity
A0073,C025,2026-08-31T04:00:00,web_visit,system,Recorded pipeline activity
A0074,C025,2026-08-26T08:00:00,crm_note,system,Routine account activity
A0075,C025,2026-08-23T07:00:00,email_open,system,Routine account activity
A0076,C026,2026-09-09T03:00:00,crm_note,system,Recorded pipeline activity
A0077,C026,2026-08-25T08:00:00,crm_note,system,Routine account activity
A0078,C026,2026-08-22T07:00:00,email_open,system,Routine account activity
A0079,C027,2026-09-08T09:00:00,email_open,system,Recorded pipeline activity
A0080,C027,2026-08-24T08:00:00,crm_note,system,Routine account activity
A0081,C027,2026-08-21T07:00:00,email_open,system,Routine account activity
A0082,C028,2026-09-07T08:00:00,crm_note,system,Recorded pipeline activity
A0083,C028,2026-08-23T08:00:00,crm_note,system,Routine account activity
A0084,C028,2026-08-20T07:00:00,email_open,system,Routine account activity
A0085,C029,2026-09-06T07:00:00,web_visit,system,Recorded pipeline activity
A0086,C029,2026-08-22T08:00:00,crm_note,system,Routine account activity
A0087,C029,2026-08-19T07:00:00,email_open,system,Routine account activity
A0088,C030,2026-09-05T06:00:00,email_open,system,Recorded pipeline activity
A0089,C030,2026-08-21T08:00:00,crm_note,system,Routine account activity
A0090,C030,2026-08-18T07:00:00,email_open,system,Routine account activity
A0091,C031,2026-09-04T05:00:00,web_visit,system,Recorded pipeline activity
A0092,C031,2026-08-20T08:00:00,crm_note,system,Routine account activity
A0093,C031,2026-08-17T07:00:00,email_open,system,Routine account activity
A0094,C032,2026-09-03T04:00:00,crm_note,system,Recorded pipeline activity
A0095,C032,2026-08-19T08:00:00,crm_note,system,Routine account activity
A0096,C032,2026-09-04T07:00:00,email_open,system,Routine account activity
A0097,C033,2026-09-02T03:00:00,email_open,system,Recorded pipeline activity
A0098,C033,2026-08-18T08:00:00,crm_note,system,Routine account activity
A0099,C033,2026-09-03T07:00:00,email_open,system,Routine account activity
A0100,C034,2026-09-01T09:00:00,crm_note,system,Recorded pipeline activity
A0101,C034,2026-08-17T08:00:00,crm_note,system,Routine account activity
A0102,C034,2026-09-02T07:00:00,email_open,system,Routine account activity
A0103,C035,2026-08-31T08:00:00,web_visit,system,Recorded pipeline activity
A0104,C035,2026-09-04T08:00:00,crm_note,system,Routine account activity
A0105,C035,2026-09-01T07:00:00,email_open,system,Routine account activity
A0106,C036,2026-09-09T07:00:00,email_open,system,Recorded pipeline activity
A0107,C036,2026-09-03T08:00:00,crm_note,system,Routine account activity
A0108,C036,2026-08-31T07:00:00,email_open,system,Routine account activity
A0109,C037,2026-09-08T06:00:00,web_visit,system,Recorded pipeline activity
A0110,C037,2026-09-02T08:00:00,crm_note,system,Routine account activity
A0111,C037,2026-08-30T07:00:00,email_open,system,Routine account activity
A0112,C038,2026-09-07T05:00:00,crm_note,system,Recorded pipeline activity
A0113,C038,2026-09-01T08:00:00,crm_note,system,Routine account activity
A0114,C038,2026-08-29T07:00:00,email_open,system,Routine account activity
A0115,C039,2026-09-06T04:00:00,email_open,system,Recorded pipeline activity
A0116,C039,2026-08-31T08:00:00,crm_note,system,Routine account activity
A0117,C039,2026-08-28T07:00:00,email_open,system,Routine account activity
A0118,C040,2026-09-05T03:00:00,crm_note,system,Recorded pipeline activity
A0119,C040,2026-08-30T08:00:00,crm_note,system,Routine account activity
A0120,C040,2026-08-27T07:00:00,email_open,system,Routine account activity
A0121,C041,2026-09-04T09:00:00,web_visit,system,Recorded pipeline activity
A0122,C041,2026-08-29T08:00:00,crm_note,system,Routine account activity
A0123,C041,2026-08-26T07:00:00,email_open,system,Routine account activity
A0124,C042,2026-09-03T08:00:00,email_open,system,Recorded pipeline activity
A0125,C042,2026-08-28T08:00:00,crm_note,system,Routine account activity
A0126,C042,2026-08-25T07:00:00,email_open,system,Routine account activity
A0127,C043,2026-09-02T07:00:00,web_visit,system,Recorded pipeline activity
A0128,C043,2026-08-27T08:00:00,crm_note,system,Routine account activity
A0129,C043,2026-08-24T07:00:00,email_open,system,Routine account activity
A0130,C044,2026-09-01T06:00:00,crm_note,system,Recorded pipeline activity
A0131,C044,2026-08-26T08:00:00,crm_note,system,Routine account activity
A0132,C044,2026-08-23T07:00:00,email_open,system,Routine account activity
A0133,C045,2026-08-31T05:00:00,email_open,system,Recorded pipeline activity
A0134,C045,2026-08-25T08:00:00,crm_note,system,Routine account activity
A0135,C045,2026-08-22T07:00:00,email_open,system,Routine account activity
A0136,C046,2026-09-09T04:00:00,crm_note,system,Recorded pipeline activity
A0137,C046,2026-08-24T08:00:00,crm_note,system,Routine account activity
A0138,C046,2026-08-21T07:00:00,email_open,system,Routine account activity
A0139,C047,2026-09-08T03:00:00,web_visit,system,Recorded pipeline activity
A0140,C047,2026-08-23T08:00:00,crm_note,system,Routine account activity
A0141,C047,2026-08-20T07:00:00,email_open,system,Routine account activity
A0142,C048,2026-09-07T09:00:00,email_open,system,Recorded pipeline activity
A0143,C048,2026-08-22T08:00:00,crm_note,system,Routine account activity
A0144,C048,2026-08-19T07:00:00,email_open,system,Routine account activity
A0145,C049,2026-09-06T08:00:00,web_visit,system,Recorded pipeline activity
A0146,C049,2026-08-21T08:00:00,crm_note,system,Routine account activity
A0147,C049,2026-08-18T07:00:00,email_open,system,Routine account activity
A0148,C050,2026-09-05T07:00:00,crm_note,system,Recorded pipeline activity
A0149,C050,2026-08-20T08:00:00,crm_note,system,Routine account activity
A0150,C050,2026-08-17T07:00:00,email_open,system,Routine account activity
A0151,C051,2026-09-04T06:00:00,email_open,system,Recorded pipeline activity
A0152,C051,2026-08-19T08:00:00,crm_note,system,Routine account activity
A0153,C051,2026-09-04T07:00:00,email_open,system,Routine account activity
A0154,C052,2026-09-03T05:00:00,crm_note,system,Recorded pipeline activity
A0155,C052,2026-08-18T08:00:00,crm_note,system,Routine account activity
A0156,C052,2026-09-03T07:00:00,email_open,system,Routine account activity
A0157,C053,2026-09-02T04:00:00,web_visit,system,Recorded pipeline activity
A0158,C053,2026-08-17T08:00:00,crm_note,system,Routine account activity
A0159,C053,2026-09-02T07:00:00,email_open,system,Routine account activity
A0160,C054,2026-09-01T03:00:00,email_open,system,Recorded pipeline activity
A0161,C054,2026-09-04T08:00:00,crm_note,system,Routine account activity
A0162,C054,2026-09-01T07:00:00,email_open,system,Routine account activity
A0163,C055,2026-08-31T09:00:00,web_visit,system,Recorded pipeline activity
A0164,C055,2026-09-03T08:00:00,crm_note,system,Routine account activity
A0165,C055,2026-08-31T07:00:00,email_open,system,Routine account activity
A0166,C056,2026-09-09T08:00:00,crm_note,system,Recorded pipeline activity
A0167,C056,2026-09-02T08:00:00,crm_note,system,Routine account activity
A0168,C056,2026-08-30T07:00:00,email_open,system,Routine account activity
A0169,C057,2026-09-08T07:00:00,email_open,system,Recorded pipeline activity
A0170,C057,2026-09-01T08:00:00,crm_note,system,Routine account activity
A0171,C057,2026-08-29T07:00:00,email_open,system,Routine account activity
A0172,C058,2026-09-07T06:00:00,crm_note,system,Recorded pipeline activity
A0173,C058,2026-08-31T08:00:00,crm_note,system,Routine account activity
A0174,C058,2026-08-28T07:00:00,email_open,system,Routine account activity
A0175,C059,2026-09-06T05:00:00,web_visit,system,Recorded pipeline activity
A0176,C059,2026-08-30T08:00:00,crm_note,system,Routine account activity
A0177,C059,2026-08-27T07:00:00,email_open,system,Routine account activity
A0178,C060,2026-09-05T04:00:00,email_open,system,Recorded pipeline activity
A0179,C060,2026-08-29T08:00:00,crm_note,system,Routine account activity
A0180,C060,2026-08-26T07:00:00,email_open,system,Routine account activity
A0181,C061,2026-09-04T03:00:00,web_visit,system,Recorded pipeline activity
A0182,C061,2026-08-28T08:00:00,crm_note,system,Routine account activity
A0183,C061,2026-08-25T07:00:00,email_open,system,Routine account activity
A0184,C062,2026-09-03T09:00:00,crm_note,system,Recorded pipeline activity
A0185,C062,2026-08-27T08:00:00,crm_note,system,Routine account activity
A0186,C062,2026-08-24T07:00:00,email_open,system,Routine account activity
A0187,C063,2026-09-02T08:00:00,email_open,system,Recorded pipeline activity
A0188,C063,2026-08-26T08:00:00,crm_note,system,Routine account activity
A0189,C063,2026-08-23T07:00:00,email_open,system,Routine account activity
A0190,C064,2026-09-01T07:00:00,crm_note,system,Recorded pipeline activity
A0191,C064,2026-08-25T08:00:00,crm_note,system,Routine account activity
A0192,C064,2026-08-22T07:00:00,email_open,system,Routine account activity
A0193,C065,2026-08-31T06:00:00,web_visit,system,Recorded pipeline activity
A0194,C065,2026-08-24T08:00:00,crm_note,system,Routine account activity
A0195,C065,2026-08-21T07:00:00,email_open,system,Routine account activity
A0196,C066,2026-09-09T05:00:00,email_open,system,Recorded pipeline activity
A0197,C066,2026-08-23T08:00:00,crm_note,system,Routine account activity
A0198,C066,2026-08-20T07:00:00,email_open,system,Routine account activity
A0199,C067,2026-09-08T04:00:00,web_visit,system,Recorded pipeline activity
A0200,C067,2026-08-22T08:00:00,crm_note,system,Routine account activity
A0201,C067,2026-08-19T07:00:00,email_open,system,Routine account activity
A0202,C068,2026-09-07T03:00:00,crm_note,system,Recorded pipeline activity
A0203,C068,2026-08-21T08:00:00,crm_note,system,Routine account activity
A0204,C068,2026-08-18T07:00:00,email_open,system,Routine account activity
A0205,C069,2026-09-06T09:00:00,email_open,system,Recorded pipeline activity
A0206,C069,2026-08-20T08:00:00,crm_note,system,Routine account activity
A0207,C069,2026-08-17T07:00:00,email_open,system,Routine account activity
A0208,C070,2026-09-05T08:00:00,crm_note,system,Recorded pipeline activity
A0209,C070,2026-08-19T08:00:00,crm_note,system,Routine account activity
A0210,C070,2026-09-04T07:00:00,email_open,system,Routine account activity
A0211,C071,2026-09-04T07:00:00,web_visit,system,Recorded pipeline activity
A0212,C071,2026-08-18T08:00:00,crm_note,system,Routine account activity
A0213,C071,2026-09-03T07:00:00,email_open,system,Routine account activity
A0214,C072,2026-09-03T06:00:00,email_open,system,Recorded pipeline activity
A0215,C072,2026-08-17T08:00:00,crm_note,system,Routine account activity
A0216,C072,2026-09-02T07:00:00,email_open,system,Routine account activity
AX001,C001,2026-08-22T09:00:00,meeting,outbound,Prior discovery meeting
AX002,C002,2026-08-21T09:00:00,meeting,outbound,Prior discovery meeting
AX003,C003,2026-08-20T09:00:00,meeting,outbound,Prior discovery meeting
AX004,C004,2026-08-19T09:00:00,meeting,outbound,Prior discovery meeting
AX005,C005,2026-08-18T09:00:00,meeting,outbound,Prior discovery meeting
AX006,C006,2026-08-17T09:00:00,meeting,outbound,Prior discovery meeting
AX007,C007,2026-08-16T09:00:00,meeting,outbound,Prior discovery meeting
AX008,C008,2026-08-15T09:00:00,meeting,outbound,Prior discovery meeting
