contact_id,first_name,last_name,company,email,owner_id,call_status
C001,Avery,Chen,Neorlake Systems,avery.chen1@example.invalid,OWN-07,call_allowed
C002,Mateo,Silva,ArborPeak Logistics,mateo.silva2@example.invalid,OWN-07,call_allowed
C003,Priya,Nair,LumenGrid Analytics,priya.nair3@example.invalid,OWN-07,call_allowed
C004,Jordan,Lee,Quillstone Health,jordan.lee4@example.invalid,OWN-07,call_allowed
C005,Nora,Bennett,Copperwave Foods,nora.bennett5@example.invalid,OWN-07,call_allowed
C006,Elena,Kim,SilverWorks 01,elena.kim6@example.invalid,OWN-07,call_allowed
C007,Marcus,Vega,NorthDynamics 02,marcus.vega7@example.invalid,OWN-07,call_allowed
C008,Talia,Costa,BrightIndustries 03,talia.costa8@example.invalid,OWN-07,call_allowed
C009,Owen,Okafor,CedarLabs 04,owen.okafor9@example.invalid,OWN-07,call_allowed
C010,Rina,Doyle,HarborPartners 05,rina.doyle10@example.invalid,OWN-07,call_allowed
C011,Darius,Reed,MosaicCollective 06,darius.reed11@example.invalid,OWN-07,call_allowed
C012,Mina,Patel,SummitGroup 07,mina.patel12@example.invalid,OWN-07,call_allowed
C013,Caleb,Park,VelvetNetworks 08,caleb.park13@example.invalid,OWN-07,call_allowed
C014,Sofia,Tan,BlueWorks 09,sofia.tan14@example.invalid,OWN-07,call_allowed
C015,Jonah,Moreno,EverDynamics 10,jonah.moreno15@example.invalid,OWN-07,call_allowed
C016,Leila,Ibrahim,GraniteIndustries 11,leila.ibrahim16@example.invalid,OWN-07,call_allowed
C017,Theo,Brooks,WillowLabs 12,theo.brooks17@example.invalid,OWN-07,call_allowed
C018,Imani,Nguyen,JuniperPartners 13,imani.nguyen18@example.invalid,OWN-07,do_not_call
C019,Evan,Hart,PineCollective 14,evan.hart19@example.invalid,OWN-07,call_allowed
C020,Anika,Singh,ClearGroup 15,anika.singh20@example.invalid,OWN-07,call_allowed
C021,Rafael,Shah,RedwoodNetworks 16,rafael.shah21@example.invalid,OWN-07,call_allowed
C022,Maya,Kim,SilverWorks 17,maya.kim22@example.invalid,OWN-07,call_allowed
C023,Felix,Vega,NorthDynamics 18,felix.vega23@example.invalid,OWN-07,call_allowed
C024,Zara,Costa,BrightIndustries 19,zara.costa24@example.invalid,OWN-07,call_allowed
C025,Colin,Okafor,CedarLabs 20,colin.okafor25@example.invalid,OWN-07,call_allowed
C026,Amara,Doyle,HarborPartners 21,amara.doyle26@example.invalid,OWN-07,call_allowed
C027,Miles,Reed,MosaicCollective 22,miles.reed27@example.invalid,OWN-07,call_allowed
C028,Keira,Patel,SummitGroup 23,keira.patel28@example.invalid,OWN-07,call_allowed
C029,Noel,Park,VelvetNetworks 24,noel.park29@example.invalid,OWN-07,call_allowed
C030,Elena,Tan,BlueWorks 25,elena.tan30@example.invalid,OWN-07,call_allowed
C031,Marcus,Moreno,EverDynamics 26,marcus.moreno31@example.invalid,OWN-07,call_allowed
C032,Talia,Ibrahim,GraniteIndustries 27,talia.ibrahim32@example.invalid,OWN-07,call_allowed
C033,Owen,Brooks,WillowLabs 28,owen.brooks33@example.invalid,OWN-07,call_allowed
C034,Rina,Nguyen,JuniperPartners 29,rina.nguyen34@example.invalid,OWN-07,call_allowed
C035,Darius,Hart,PineCollective 30,darius.hart35@example.invalid,OWN-07,call_allowed
C036,Mina,Singh,ClearGroup 31,mina.singh36@example.invalid,OWN-07,call_allowed
C037,Caleb,Shah,RedwoodNetworks 32,caleb.shah37@example.invalid,OWN-07,call_allowed
C038,Sofia,Kim,SilverWorks 33,sofia.kim38@example.invalid,OWN-07,call_allowed
C039,Jonah,Vega,NorthDynamics 34,jonah.vega39@example.invalid,OWN-07,call_allowed
C040,Leila,Costa,BrightIndustries 35,leila.costa40@example.invalid,OWN-07,call_allowed
C041,Theo,Okafor,CedarLabs 36,theo.okafor41@example.invalid,OWN-07,call_allowed
C042,Imani,Doyle,HarborPartners 37,imani.doyle42@example.invalid,OWN-07,call_allowed
C043,Evan,Reed,MosaicCollective 38,evan.reed43@example.invalid,OWN-07,call_allowed
C044,Anika,Patel,SummitGroup 39,anika.patel44@example.invalid,OWN-07,call_allowed
C045,Rafael,Park,VelvetNetworks 40,rafael.park45@example.invalid,OWN-07,call_allowed
C046,Maya,Tan,BlueWorks 41,maya.tan46@example.invalid,OWN-07,call_allowed
C047,Felix,Moreno,EverDynamics 42,felix.moreno47@example.invalid,OWN-07,do_not_call
C048,Zara,Ibrahim,GraniteIndustries 43,zara.ibrahim48@example.invalid,OWN-07,call_allowed
C049,Colin,Brooks,WillowLabs 44,colin.brooks49@example.invalid,OWN-07,call_allowed
C050,Amara,Nguyen,JuniperPartners 45,amara.nguyen50@example.invalid,OWN-07,call_allowed
C051,Miles,Hart,PineCollective 46,miles.hart51@example.invalid,OWN-07,call_allowed
C052,Keira,Singh,ClearGroup 47,keira.singh52@example.invalid,OWN-07,call_allowed
C053,Noel,Shah,RedwoodNetworks 48,noel.shah53@example.invalid,OWN-07,call_allowed
C054,Elena,Kim,SilverWorks 49,elena.kim54@example.invalid,OWN-07,call_allowed
C055,Marcus,Vega,NorthDynamics 50,marcus.vega55@example.invalid,OWN-07,call_allowed
C056,Talia,Costa,BrightIndustries 51,talia.costa56@example.invalid,OWN-07,call_allowed
C057,Owen,Okafor,CedarLabs 52,owen.okafor57@example.invalid,OWN-07,call_allowed
C058,Rina,Doyle,HarborPartners 53,rina.doyle58@example.invalid,OWN-07,call_allowed
C059,Darius,Reed,MosaicCollective 54,darius.reed59@example.invalid,OWN-07,call_allowed
C060,Mina,Patel,SummitGroup 55,mina.patel60@example.invalid,OWN-07,call_allowed
C061,Caleb,Park,VelvetNetworks 56,caleb.park61@example.invalid,OWN-07,call_allowed
C062,Sofia,Tan,BlueWorks 57,sofia.tan62@example.invalid,OWN-07,call_allowed
C063,Jonah,Moreno,EverDynamics 58,jonah.moreno63@example.invalid,OWN-07,call_allowed
C064,Leila,Ibrahim,GraniteIndustries 59,leila.ibrahim64@example.invalid,OWN-07,call_allowed
C065,Theo,Brooks,WillowLabs 60,theo.brooks65@example.invalid,OWN-07,call_allowed
C066,Imani,Nguyen,JuniperPartners 61,imani.nguyen66@example.invalid,OWN-07,call_allowed
C067,Evan,Hart,PineCollective 62,evan.hart67@example.invalid,OWN-07,call_allowed
C068,Anika,Singh,ClearGroup 63,anika.singh68@example.invalid,OWN-07,call_allowed
C069,Rafael,Shah,RedwoodNetworks 64,rafael.shah69@example.invalid,OWN-07,call_allowed
C070,Maya,Kim,SilverWorks 65,maya.kim70@example.invalid,OWN-07,call_allowed
C071,Felix,Vega,NorthDynamics 66,felix.vega71@example.invalid,OWN-07,call_allowed
C072,Zara,Costa,BrightIndustries 67,zara.costa72@example.invalid,OWN-07,call_allowed
