run_id,run_on,job,component,status,duration_minutes,failure_reason
CI-0001,2026-04-01,contract,contracts,failed,3,assertion_failure
CI-0002,2026-04-02,unit,migration,passed,10,
CI-0003,2026-04-03,integration,admin,passed,17,
CI-0004,2026-04-04,migration-dry-run,ledger,passed,24,
CI-0005,2026-04-05,lint,api,passed,31,
CI-0006,2026-04-06,typecheck,ops,passed,38,
CI-0007,2026-04-07,performance,tax,passed,7,
CI-0008,2026-04-08,contract,worker,passed,14,
CI-0009,2026-04-09,unit,contracts,passed,21,
CI-0010,2026-04-10,integration,migration,passed,28,
CI-0011,2026-04-11,migration-dry-run,admin,passed,35,
CI-0012,2026-04-12,lint,ledger,passed,4,
CI-0013,2026-04-13,typecheck,api,passed,11,
CI-0014,2026-04-14,performance,ops,failed,18,runner_timeout
CI-0015,2026-04-15,contract,tax,passed,25,
CI-0016,2026-04-16,unit,worker,passed,32,
CI-0017,2026-04-17,integration,contracts,passed,39,
CI-0018,2026-04-18,migration-dry-run,migration,passed,8,
CI-0019,2026-04-19,lint,admin,passed,15,
CI-0020,2026-04-20,typecheck,ledger,passed,22,
CI-0021,2026-04-21,performance,api,passed,29,
CI-0022,2026-04-22,contract,ops,passed,36,
CI-0023,2026-04-23,unit,tax,passed,5,
CI-0024,2026-04-24,integration,worker,passed,12,
CI-0025,2026-04-25,migration-dry-run,contracts,passed,19,
CI-0026,2026-04-26,lint,migration,passed,26,
CI-0027,2026-04-27,typecheck,admin,failed,33,fixture_drift
CI-0028,2026-04-28,performance,ledger,passed,40,
CI-0029,2026-04-29,contract,api,passed,9,
CI-0030,2026-04-30,unit,ops,passed,16,
CI-0031,2026-05-01,integration,tax,passed,23,
CI-0032,2026-05-02,migration-dry-run,worker,passed,30,
CI-0033,2026-05-03,lint,contracts,passed,37,
CI-0034,2026-05-04,typecheck,migration,passed,6,
CI-0035,2026-05-05,performance,admin,passed,13,
CI-0036,2026-05-06,contract,ledger,passed,20,
CI-0037,2026-05-07,unit,api,passed,27,
CI-0038,2026-05-08,integration,ops,passed,34,
CI-0039,2026-05-09,migration-dry-run,tax,passed,3,
CI-0040,2026-05-10,lint,worker,failed,10,lock_contention
CI-0041,2026-05-11,typecheck,contracts,passed,17,
CI-0042,2026-05-12,performance,migration,passed,24,
CI-0043,2026-05-13,contract,admin,passed,31,
CI-0044,2026-05-14,unit,ledger,passed,38,
CI-0045,2026-05-15,integration,api,passed,7,
CI-0046,2026-05-16,migration-dry-run,ops,failed,14,runner_timeout
CI-0047,2026-05-17,lint,tax,passed,21,
CI-0048,2026-05-18,typecheck,worker,passed,28,
CI-0049,2026-05-19,performance,contracts,passed,35,
CI-0050,2026-05-20,contract,migration,passed,4,
CI-0051,2026-05-21,unit,admin,passed,11,
CI-0052,2026-05-22,integration,ledger,passed,18,
CI-0053,2026-05-23,migration-dry-run,api,failed,25,assertion_failure
CI-0054,2026-05-24,lint,ops,passed,32,
CI-0055,2026-05-25,typecheck,tax,passed,39,
CI-0056,2026-05-26,performance,worker,passed,8,
CI-0057,2026-05-27,contract,contracts,passed,15,
CI-0058,2026-05-28,unit,migration,passed,22,
CI-0059,2026-05-29,integration,admin,passed,29,
CI-0060,2026-05-30,migration-dry-run,ledger,passed,36,
CI-0061,2026-05-31,lint,api,passed,5,
CI-0062,2026-06-01,typecheck,ops,passed,12,
CI-0063,2026-06-02,performance,tax,passed,19,
CI-0064,2026-06-03,contract,worker,passed,26,
CI-0065,2026-06-04,unit,contracts,passed,33,
CI-0066,2026-06-05,integration,migration,failed,40,runner_timeout
CI-0067,2026-06-06,migration-dry-run,admin,passed,9,
CI-0068,2026-06-07,lint,ledger,passed,16,
CI-0069,2026-06-08,typecheck,api,passed,23,
CI-0070,2026-06-09,performance,ops,passed,30,
CI-0071,2026-06-10,contract,tax,passed,37,
CI-0072,2026-06-11,unit,worker,passed,6,
CI-0073,2026-06-12,integration,contracts,passed,13,
CI-0074,2026-06-13,migration-dry-run,migration,passed,20,
CI-0075,2026-06-14,lint,admin,passed,27,
CI-0076,2026-06-15,typecheck,ledger,passed,34,
CI-0077,2026-06-16,performance,api,passed,3,
CI-0078,2026-06-17,contract,ops,passed,10,
CI-0079,2026-06-18,unit,tax,failed,17,fixture_drift
CI-0080,2026-06-19,integration,worker,passed,24,
CI-0081,2026-06-20,migration-dry-run,contracts,passed,31,
CI-0082,2026-06-21,lint,migration,passed,38,
CI-0083,2026-06-22,typecheck,admin,passed,7,
CI-0084,2026-06-23,performance,ledger,passed,14,
CI-0085,2026-06-24,contract,api,passed,21,
CI-0086,2026-06-25,unit,ops,passed,28,
CI-0087,2026-06-26,integration,tax,passed,35,
CI-0088,2026-06-27,migration-dry-run,worker,passed,4,
CI-0089,2026-06-28,lint,contracts,passed,11,
CI-0090,2026-06-29,typecheck,migration,passed,18,
CI-0091,2026-06-30,performance,admin,passed,25,
CI-0092,2026-07-01,contract,ledger,failed,32,lock_contention
CI-0093,2026-07-02,unit,api,passed,39,
CI-0094,2026-07-03,integration,ops,passed,8,
CI-0095,2026-07-04,migration-dry-run,tax,passed,15,
CI-0096,2026-07-05,lint,worker,passed,22,
CI-0097,2026-07-06,typecheck,contracts,passed,29,
CI-0098,2026-07-07,performance,migration,passed,36,
CI-0099,2026-07-08,contract,admin,passed,5,
CI-0100,2026-07-09,unit,ledger,passed,12,
CI-0101,2026-07-10,integration,api,passed,19,
CI-0102,2026-07-11,migration-dry-run,ops,passed,26,
CI-0103,2026-07-12,lint,tax,passed,33,
CI-0104,2026-07-13,typecheck,worker,passed,40,
CI-0105,2026-07-14,performance,contracts,failed,9,assertion_failure
CI-0106,2026-07-15,contract,migration,passed,16,
CI-0107,2026-07-16,unit,admin,passed,23,
CI-0108,2026-07-17,integration,ledger,passed,30,
CI-0109,2026-07-18,migration-dry-run,api,failed,37,assertion_failure
CI-0110,2026-07-19,lint,ops,passed,6,
CI-0111,2026-07-20,typecheck,tax,passed,13,
CI-0112,2026-07-21,performance,worker,passed,20,
