deal_id,contact_id,role
D0001,C0020,decision_maker
D0002,C0039,decision_maker
D0003,C0058,decision_maker
D0003,C0077,influencer
D0004,C0077,decision_maker
D0005,C0096,decision_maker
D0006,C0115,decision_maker
D0006,C0146,influencer
D0007,C0134,decision_maker
D0007,C0235,technical_contact
D0008,C0153,decision_maker
D0009,C0172,decision_maker
D0009,C0215,influencer
D0010,C0191,decision_maker
D0010,C0064,billing_contact
D0011,C0210,decision_maker
D0012,C0229,decision_maker
D0012,C0044,influencer
D0013,C0008,decision_maker
D0014,C0027,decision_maker
D0014,C0212,technical_contact
D0015,C0046,decision_maker
D0015,C0113,influencer
D0016,C0065,decision_maker
D0017,C0084,decision_maker
D0018,C0103,decision_maker
D0018,C0182,influencer
D0019,C0122,decision_maker
D0020,C0141,decision_maker
D0020,C0114,billing_contact
D0021,C0160,decision_maker
D0021,C0011,influencer
D0021,C0189,technical_contact
D0022,C0179,decision_maker
D0024,C0217,decision_maker
D0024,C0080,influencer
D0025,C0236,decision_maker
D0026,C0015,decision_maker
D0027,C0034,decision_maker
D0027,C0149,influencer
D0028,C0053,decision_maker
D0028,C0166,technical_contact
D0029,C0072,decision_maker
D0030,C0091,decision_maker
D0030,C0218,influencer
D0030,C0164,billing_contact
D0031,C0110,decision_maker
D0032,C0129,decision_maker
D0033,C0148,decision_maker
D0033,C0047,influencer
D0034,C0167,decision_maker
D0035,C0186,decision_maker
D0035,C0143,technical_contact
D0036,C0205,decision_maker
D0036,C0116,influencer
D0037,C0224,decision_maker
D0038,C0003,decision_maker
D0039,C0022,decision_maker
D0039,C0185,influencer
D0040,C0041,decision_maker
D0040,C0214,billing_contact
D0041,C0060,decision_maker
D0042,C0079,decision_maker
D0042,C0014,influencer
D0042,C0120,technical_contact
D0043,C0098,decision_maker
D0044,C0117,decision_maker
D0045,C0136,decision_maker
D0045,C0083,influencer
D0047,C0174,decision_maker
D0048,C0193,decision_maker
D0048,C0152,influencer
D0049,C0212,decision_maker
D0049,C0097,technical_contact
D0050,C0231,decision_maker
D0050,C0024,billing_contact
D0051,C0010,decision_maker
D0051,C0221,influencer
D0052,C0029,decision_maker
D0053,C0048,decision_maker
D0054,C0067,decision_maker
D0054,C0050,influencer
D0055,C0086,decision_maker
D0056,C0105,decision_maker
D0056,C0074,technical_contact
D0057,C0124,decision_maker
D0057,C0119,influencer
D0058,C0143,decision_maker
D0059,C0162,decision_maker
D0060,C0181,decision_maker
D0060,C0188,influencer
D0060,C0074,billing_contact
D0061,C0200,decision_maker
D0062,C0219,decision_maker
D0063,C0238,decision_maker
D0063,C0017,influencer
D0063,C0051,technical_contact
D0064,C0017,decision_maker
D0065,C0036,decision_maker
D0066,C0055,decision_maker
D0066,C0086,influencer
D0067,C0074,decision_maker
D0068,C0093,decision_maker
D0069,C0155,influencer
D0070,C0131,decision_maker
D0070,C0124,billing_contact
D0070,C0028,technical_contact
D0071,C0150,decision_maker
D0072,C0169,decision_maker
D0072,C0224,influencer
D0073,C0188,decision_maker
D0074,C0207,decision_maker
D0075,C0226,decision_maker
D0075,C0053,influencer
D0076,C0005,decision_maker
D0077,C0024,decision_maker
D0077,C0005,technical_contact
D0078,C0043,decision_maker
D0078,C0122,influencer
D0079,C0062,decision_maker
D0080,C0081,decision_maker
D0080,C0174,billing_contact
D0081,C0100,decision_maker
D0081,C0191,influencer
D0082,C0119,decision_maker
D0083,C0138,decision_maker
D0084,C0157,decision_maker
D0084,C0020,influencer
D0084,C0222,technical_contact
D0085,C0176,decision_maker
D0086,C0195,decision_maker
D0087,C0214,decision_maker
D0087,C0089,influencer
D0088,C0233,decision_maker
D0089,C0012,decision_maker
D0090,C0031,decision_maker
D0090,C0158,influencer
D0090,C0224,billing_contact
D0091,C0050,decision_maker
D0091,C0199,technical_contact
D0092,C0069,decision_maker
D0093,C0088,decision_maker
D0093,C0227,influencer
D0094,C0107,decision_maker
D0095,C0126,decision_maker
D0096,C0145,decision_maker
D0096,C0056,influencer
D0097,C0164,decision_maker
D0098,C0183,decision_maker
D0098,C0176,technical_contact
D0099,C0202,decision_maker
D0099,C0125,influencer
D0100,C0221,decision_maker
D0100,C0034,billing_contact
D0101,C0240,decision_maker
D0102,C0019,decision_maker
D0102,C0194,influencer
D0103,C0038,decision_maker
D0104,C0057,decision_maker
D0105,C0076,decision_maker
D0105,C0023,influencer
D0105,C0153,technical_contact
D0106,C0095,decision_maker
D0107,C0114,decision_maker
D0108,C0133,decision_maker
D0108,C0092,influencer
D0109,C0152,decision_maker
D0110,C0171,decision_maker
D0110,C0084,billing_contact
D0111,C0190,decision_maker
D0111,C0161,influencer
D0112,C0209,decision_maker
D0112,C0130,technical_contact
D0113,C0228,decision_maker
D0114,C0007,decision_maker
D0114,C0230,influencer
D0115,C0026,decision_maker
D0116,C0045,decision_maker
D0117,C0064,decision_maker
D0117,C0059,influencer
D0118,C0083,decision_maker
D0119,C0102,decision_maker
D0119,C0107,technical_contact
D0120,C0121,decision_maker
D0120,C0128,influencer
D0120,C0134,billing_contact
D0001,C0011,decision_maker
D0002,C0211,decision_maker
D0003,C0024,decision_maker
D0004,C0224,decision_maker
D0005,C0037,decision_maker
D0006,C0237,decision_maker
D0007,C0052,decision_maker
D0008,C0202,decision_maker
D0009,C0079,decision_maker
D0010,C0179,decision_maker
D0011,C0105,decision_maker
D0012,C0155,decision_maker
D0013,C0064,decision_maker
D0014,C0164,decision_maker
D0015,C0234,decision_maker
D0016,C0011,decision_maker
D0017,C0024,decision_maker
D0018,C0037,decision_maker
D0019,C0052,decision_maker
D0020,C0079,decision_maker
D0021,C0105,decision_maker
D0022,C0064,decision_maker
