sample_id,concurrent_requests,cpu_millicores,memory_mib,ready_latency_ms
S-0001,25,149,89,115
S-0002,42,204,101,154
S-0003,59,259,112,193
S-0004,76,314,124,232
S-0005,10,120,94,105
S-0006,27,175,105,144
S-0007,44,230,96,183
S-0008,61,285,107,222
S-0009,78,340,119,261
S-0010,12,146,89,134
S-0011,29,157,100,173
S-0012,46,212,112,212
S-0013,63,267,123,186
S-0014,80,322,114,225
S-0015,14,128,84,98
S-0016,31,183,95,137
S-0017,48,238,107,176
S-0018,65,293,118,215
S-0019,82,348,130,254
S-0020,16,154,100,127
S-0021,33,209,90,166
S-0022,50,220,102,205
S-0023,67,275,113,244
S-0024,84,330,125,283
S-0025,18,136,95,156
S-0026,35,191,106,130
S-0027,52,246,118,169
S-0028,69,301,108,208
S-0029,86,356,120,247
S-0030,20,162,90,120
S-0031,37,217,101,159
S-0032,54,272,113,198
S-0033,71,283,124,237
S-0034,88,338,136,276
S-0035,22,144,85,149
S-0036,39,199,96,188
S-0037,56,254,108,227
S-0038,73,309,119,266
S-0039,90,364,131,240
S-0040,24,170,101,113
S-0041,41,225,112,152
S-0042,58,280,103,191
S-0043,75,335,114,230
S-0044,9,97,84,103
S-0045,26,152,96,142
S-0046,43,207,107,181
S-0047,60,262,119,220
S-0048,77,317,130,259
S-0049,11,123,79,132
S-0050,28,178,91,171
S-0051,45,233,102,210
S-0052,62,288,114,184
S-0053,79,343,125,223
S-0054,13,149,95,96
S-0055,30,160,107,135
S-0056,47,215,97,174
S-0057,64,270,109,213
S-0058,81,325,120,252
S-0059,15,131,90,125
S-0060,32,186,102,164
S-0061,49,241,113,203
S-0062,66,296,125,242
S-0063,83,351,115,281
S-0064,17,157,85,154
S-0065,34,212,97,128
S-0066,51,223,108,167
S-0067,68,278,120,206
S-0068,85,333,131,245
S-0069,19,139,101,118
S-0070,36,194,92,157
S-0071,53,249,103,196
S-0072,70,304,115,235
S-0073,87,359,126,274
S-0074,21,165,96,147
S-0075,38,220,108,186
S-0076,55,275,119,225
S-0077,72,286,110,264
S-0078,89,341,121,238
S-0079,23,147,91,111
S-0080,40,202,103,150
S-0081,57,257,114,189
S-0082,74,312,126,228
S-0083,8,118,96,101
S-0084,25,173,86,140
S-0085,42,228,98,179
S-0086,59,283,109,218
S-0087,76,338,121,257
S-0088,10,100,91,130
S-0089,27,155,102,169
S-0090,44,210,114,208
S-0091,61,265,104,182
S-0092,78,320,116,221
S-0093,12,126,86,94
S-0094,29,181,97,133
S-0095,46,236,109,172
S-0096,63,291,120,211
S-0097,80,346,132,250
S-0098,14,152,81,123
S-0099,31,163,92,162
S-0100,48,218,104,201
S-0101,65,273,115,240
S-0102,82,328,127,279
S-0103,16,134,97,152
S-0104,33,189,108,126
S-0105,50,244,99,165
S-0106,67,299,110,204
S-0107,84,354,122,243
S-0108,18,160,92,116
S-0109,35,215,103,155
S-0110,52,226,115,194
S-0111,69,281,126,233
S-0112,86,336,117,272
S-0113,20,142,87,145
S-0114,37,197,98,184
S-0115,54,252,110,223
S-0116,71,307,121,262
S-0117,88,362,133,236
S-0118,22,168,103,109
S-0119,39,223,93,148
S-0120,56,278,105,187
S-0121,73,289,116,226
S-0122,90,344,128,265
S-0123,24,150,98,138
S-0124,41,205,109,177
S-0125,58,260,121,216
S-0126,75,315,111,255
S-0127,9,121,81,128
S-0128,26,176,93,167
S-0129,43,231,104,206
S-0130,60,286,116,180
S-0131,77,341,127,219
S-0132,11,103,97,92
S-0133,28,158,88,131
S-0134,45,213,99,170
S-0135,62,268,111,209
S-0136,79,323,122,248
S-0137,13,129,92,121
S-0138,30,184,104,160
S-0139,47,239,115,199
S-0140,64,294,106,238
S-0141,81,349,117,277
S-0142,15,155,87,150
S-0143,32,166,99,124
S-0144,49,221,110,163
S-0145,66,276,122,202
S-0146,83,331,133,241
S-0147,17,137,82,114
S-0148,34,192,94,153
S-0149,51,247,105,192
S-0150,68,302,117,231
S-0151,85,357,128,270
S-0152,19,163,98,143
S-0153,36,218,110,182
S-0154,53,229,100,221
S-0155,70,284,112,260
S-0156,87,339,123,234
S-0157,21,145,93,107
S-0158,38,200,105,146
S-0159,55,255,116,185
S-0160,72,310,128,224
S-0161,89,365,118,263
S-0162,23,171,88,136
S-0163,40,226,100,175
S-0164,57,281,111,214
S-0165,74,292,123,253
S-0166,8,98,93,126
S-0167,25,153,104,165
S-0168,42,208,95,204
S-0169,59,263,106,178
S-0170,76,318,118,217
S-0171,10,124,88,90
S-0172,27,179,99,129
S-0173,44,234,111,168
S-0174,61,289,122,207
S-0175,78,344,113,246
S-0176,12,106,83,119
S-0177,29,161,94,158
S-0178,46,216,106,197
S-0179,63,271,117,236
S-0180,80,326,129,275
S-0181,14,132,99,148
S-0182,31,187,89,122
S-0183,48,242,101,161
S-0184,65,297,112,200
S-0185,82,352,124,239
S-0186,16,158,94,112
S-0187,33,169,105,151
S-0188,50,224,117,190
S-0189,67,279,107,229
S-0190,84,334,119,268
S-0191,18,140,89,141
S-0192,35,195,100,180
S-0193,52,250,112,219
S-0194,69,305,123,258
S-0195,86,360,135,232
S-0196,20,166,84,105
S-0197,37,221,95,144
S-0198,54,232,107,183
S-0199,71,287,118,222
S-0200,88,342,130,261
S-0201,22,148,100,134
S-0202,39,203,111,173
S-0203,56,258,102,212
S-0204,73,313,113,251
S-0205,90,368,125,290
S-0206,24,174,95,163
S-0207,41,229,106,202
S-0208,58,284,118,176
S-0209,75,295,129,215
S-0210,9,101,78,88
S-0211,26,156,90,127
S-0212,43,211,101,166
S-0213,60,266,113,205
S-0214,77,321,124,244
S-0215,11,127,94,117
S-0216,28,182,106,156
S-0217,45,237,96,195
S-0218,62,292,108,234
S-0219,79,347,119,273
S-0220,13,109,89,146
S-0221,30,164,101,120
S-0222,47,219,112,159
S-0223,64,274,124,198
S-0224,81,329,114,237
S-0225,15,135,84,110
S-0226,32,190,96,149
S-0227,49,245,107,188
S-0228,66,300,119,227
S-0229,83,355,130,266
S-0230,17,161,100,139
S-0231,34,172,91,178
S-0232,51,227,102,217
S-0233,68,282,114,256
S-0234,85,337,125,230
S-0235,19,143,95,103
S-0236,36,198,107,142
S-0237,53,253,118,181
S-0238,70,308,109,220
S-0239,87,363,120,259
S-0240,21,169,90,132
