payment_id,invoice_id,transaction_date,settlement_date,event_type,gross_amount_usd,fee_usd,net_settlement_usd
PP-00083,INV-00450,2026-03-29,2026-04-01,sale,1345.00,-39.30,1305.70
PP-00084,INV-00395,2026-03-30,2026-04-02,sale,2900.00,-84.40,2815.60
PP-00085,INV-00443,2026-03-30,2026-04-03,sale,4439.00,-129.03,4309.97
PP-00001,INV-00631,2026-04-03,2026-04-05,sale,3307.00,-96.20,3210.80
PP-00002,INV-00659,2026-04-03,2026-04-05,sale,3301.00,-96.03,3204.97
PP-00001-R,INV-00631,2026-04-06,2026-04-08,refund,-1200.00,0.00,-1200.00
PP-00002-R,INV-00659,2026-04-06,2026-04-08,refund,-800.00,0.00,-800.00
PP-00003,INV-00624,2026-04-06,2026-04-08,sale,7109.00,-206.46,6902.54
PP-00004,INV-00633,2026-04-06,2026-04-08,sale,7503.00,-217.89,7285.11
PP-00005,INV-00642,2026-04-06,2026-04-08,sale,5265.00,-152.99,5112.01
PP-00006,INV-00652,2026-04-06,2026-04-08,sale,8293.00,-240.80,8052.20
PP-00007,INV-00661,2026-04-06,2026-04-08,sale,8688.00,-252.25,8435.75
PP-00008,INV-00696,2026-04-07,2026-04-09,sale,930.00,-27.27,902.73
PP-00009,INV-00724,2026-04-07,2026-04-09,sale,624.00,-18.40,605.60
PP-00008-R,INV-00696,2026-04-10,2026-04-12,refund,-450.00,0.00,-450.00
PP-00010,INV-00698,2026-04-10,2026-04-12,sale,1870.00,-54.53,1815.47
PP-00011,INV-00707,2026-04-10,2026-04-12,sale,1342.00,-39.22,1302.78
PP-00012,INV-00717,2026-04-10,2026-04-12,sale,2158.00,-62.88,2095.12
PP-00013,INV-00726,2026-04-10,2026-04-12,sale,2301.00,-67.03,2233.97
PP-00014,INV-00651,2026-04-16,2026-04-18,sale,1317.00,-38.49,1278.51
PP-00015,INV-00625,2026-04-19,2026-04-21,sale,3949.00,-114.82,3834.18
PP-00016,INV-00634,2026-04-19,2026-04-21,sale,2896.00,-84.28,2811.72
PP-00017,INV-00644,2026-04-19,2026-04-21,sale,4739.00,-137.73,4601.27
PP-00018,INV-00653,2026-04-19,2026-04-21,sale,5134.00,-149.19,4984.81
PP-00019,INV-00662,2026-04-19,2026-04-21,sale,3686.00,-107.19,3578.81
PP-00020,INV-00716,2026-04-20,2026-04-22,sale,1103.00,-32.29,1070.71
PP-00021,INV-00690,2026-04-23,2026-04-25,sale,3308.00,-96.23,3211.77
PP-00022,INV-00699,2026-04-23,2026-04-25,sale,2301.00,-67.03,2233.97
PP-00023,INV-00709,2026-04-23,2026-04-25,sale,3596.00,-104.58,3491.42
PP-00024,INV-00718,2026-04-23,2026-04-25,sale,1007.00,-29.50,977.50
PP-00025,INV-00727,2026-04-23,2026-04-25,sale,767.00,-22.54,744.46
PP-00026,INV-00643,2026-04-29,2026-05-01,sale,2633.00,-76.66,2556.34
PP-00027,INV-00626,2026-05-02,2026-05-04,sale,5528.00,-160.61,5367.39
PP-00028,INV-00636,2026-05-02,2026-05-04,sale,8688.00,-252.25,8435.75
PP-00029,INV-00645,2026-05-02,2026-05-04,sale,9083.00,-263.71,8819.29
PP-00030,INV-00654,2026-05-02,2026-05-04,sale,6318.00,-183.52,6134.48
PP-00031,INV-00664,2026-05-02,2026-05-04,sale,9873.00,-286.62,9586.38
PP-00032,INV-00708,2026-05-03,2026-05-05,sale,672.00,-19.79,652.21
PP-00033,INV-00691,2026-05-06,2026-05-08,sale,1438.00,-42.00,1396.00
PP-00034,INV-00701,2026-05-06,2026-05-08,sale,2301.00,-67.03,2233.97
PP-00035,INV-00710,2026-05-06,2026-05-08,sale,2445.00,-71.20,2373.80
PP-00036,INV-00719,2026-05-06,2026-05-08,sale,1726.00,-50.35,1675.65
PP-00037,INV-00729,2026-05-06,2026-05-08,sale,2733.00,-79.56,2653.44
PP-00038,INV-00635,2026-05-12,2026-05-14,sale,1448.00,-42.29,1405.71
PP-00039,INV-00663,2026-05-12,2026-05-14,sale,1843.00,-53.75,1789.25
PP-00040,INV-00628,2026-05-15,2026-05-17,sale,5134.00,-149.19,4984.81
PP-00041,INV-00637,2026-05-15,2026-05-17,sale,5529.00,-160.64,5368.36
PP-00042,INV-00646,2026-05-15,2026-05-17,sale,3949.00,-114.82,3834.18
PP-00043,INV-00656,2026-05-15,2026-05-17,sale,6319.00,-183.55,6135.45
PP-00044,INV-00700,2026-05-16,2026-05-18,sale,1151.00,-33.68,1117.32
PP-00045,INV-00728,2026-05-16,2026-05-18,sale,384.00,-11.44,372.56
PP-00046,INV-00693,2026-05-19,2026-05-21,sale,1007.00,-29.50,977.50
PP-00047,INV-00702,2026-05-19,2026-05-21,sale,1151.00,-33.68,1117.32
PP-00048,INV-00711,2026-05-19,2026-05-21,sale,862.00,-25.30,836.70
PP-00049,INV-00721,2026-05-19,2026-05-21,sale,1438.00,-42.00,1396.00
PP-00050,INV-00730,2026-05-19,2026-05-21,sale,1582.00,-46.18,1535.82
PP-00051,INV-00627,2026-05-25,2026-05-27,sale,2765.00,-80.48,2684.52
PP-00052,INV-00655,2026-05-25,2026-05-27,sale,3160.00,-91.94,3068.06
PP-00053,INV-00629,2026-05-28,2026-05-30,sale,9478.00,-275.16,9202.84
PP-00054,INV-00638,2026-05-28,2026-05-30,sale,6582.00,-191.18,6390.82
PP-00055,INV-00648,2026-05-28,2026-05-30,sale,2764.00,-80.46,2683.54
PP-00056,INV-00657,2026-05-28,2026-05-30,sale,3159.00,-91.91,3067.09
PP-00057,INV-00692,2026-05-29,2026-05-31,sale,720.00,-21.18,698.82
PP-00058,INV-00720,2026-05-29,2026-05-31,sale,863.00,-25.33,837.67
PP-00059,INV-00694,2026-06-01,2026-06-03,sale,2589.00,-75.38,2513.62
PP-00060,INV-00703,2026-06-01,2026-06-03,sale,1822.00,-53.14,1768.86
PP-00061,INV-00713,2026-06-01,2026-06-03,sale,2877.00,-83.73,2793.27
PP-00062,INV-00722,2026-06-01,2026-06-03,sale,3021.00,-87.91,2933.09
PP-00063,INV-00647,2026-06-07,2026-06-09,sale,1975.00,-57.58,1917.42
PP-00064,INV-00630,2026-06-10,2026-06-12,sale,4212.00,-122.45,4089.55
PP-00065,INV-00640,2026-06-10,2026-06-12,sale,6714.00,-195.01,6518.99
PP-00066,INV-00649,2026-06-10,2026-06-12,sale,7108.00,-206.43,6901.57
PP-00067,INV-00658,2026-06-10,2026-06-12,sale,5002.00,-145.36,4856.64
PP-00068,INV-00712,2026-06-11,2026-06-13,sale,432.00,-12.83,419.17
PP-00069,INV-00695,2026-06-14,2026-06-16,sale,958.00,-28.08,929.92
PP-00070,INV-00705,2026-06-14,2026-06-16,sale,1582.00,-46.18,1535.82
PP-00071,INV-00714,2026-06-14,2026-06-16,sale,1726.00,-50.35,1675.65
PP-00072,INV-00723,2026-06-14,2026-06-16,sale,1246.00,-36.43,1209.57
PP-00073,INV-00639,2026-06-20,2026-06-22,sale,3291.00,-95.74,3195.26
PP-00074,INV-00632,2026-06-23,2026-06-25,sale,3159.00,-91.91,3067.09
PP-00075,INV-00641,2026-06-23,2026-06-25,sale,3554.00,-103.37,3450.63
PP-00076,INV-00650,2026-06-23,2026-06-25,sale,2632.00,-76.63,2555.37
PP-00077,INV-00660,2026-06-23,2026-06-25,sale,4344.00,-126.28,4217.72
PP-00078,INV-00704,2026-06-24,2026-06-26,sale,911.00,-26.72,884.28
PP-00079,INV-00697,2026-06-27,2026-06-29,sale,3021.00,-87.91,2933.09
PP-00080,INV-00706,2026-06-27,2026-06-29,sale,3164.00,-92.06,3071.94
PP-00081,INV-00715,2026-06-27,2026-06-29,sale,2205.00,-64.25,2140.75
PP-00082,INV-00725,2026-06-30,2026-07-02,sale,3452.00,-100.41,3351.59
