note_id,filename,clinic_region,document_type
PN-001,PN-001.txt,Central,pulmonary_follow_up
PN-002,PN-002.txt,South,pulmonary_follow_up
PN-003,PN-003.txt,North,pulmonary_follow_up
PN-004,PN-004.txt,Central,pulmonary_follow_up
PN-005,PN-005.txt,South,pulmonary_follow_up
PN-006,PN-006.txt,North,pulmonary_follow_up
PN-007,PN-007.txt,Central,pulmonary_follow_up
PN-008,PN-008.txt,South,pulmonary_follow_up
PN-009,PN-009.txt,North,pulmonary_follow_up
PN-010,PN-010.txt,Central,pulmonary_follow_up
PN-011,PN-011.txt,South,pulmonary_follow_up
PN-012,PN-012.txt,North,pulmonary_follow_up
PN-013,PN-013.txt,Central,pulmonary_follow_up
PN-014,PN-014.txt,South,pulmonary_follow_up
PN-015,PN-015.txt,North,pulmonary_follow_up
PN-016,PN-016.txt,Central,pulmonary_follow_up
PN-017,PN-017.txt,South,pulmonary_follow_up
PN-018,PN-018.txt,North,pulmonary_follow_up
PN-019,PN-019.txt,Central,pulmonary_follow_up
PN-020,PN-020.txt,South,pulmonary_follow_up
PN-021,PN-021.txt,North,pulmonary_follow_up
PN-022,PN-022.txt,Central,pulmonary_follow_up
PN-023,PN-023.txt,South,pulmonary_follow_up
PN-024,PN-024.txt,North,pulmonary_follow_up
