account_id,month,licensed_seats,active_users,sessions,api_calls,invoice_amount,last_activity_date,churned_next_30d,ingested_at
ACCT-0001,2026-06-01,5,5,40,873,90,2026-06-28,0,2026-06-28T06:00:00Z
ACCT-0001,2026-07-01,6,5,35,784,108,2026-07-29,0,2026-07-28T06:00:00Z
ACCT-0001,2026-08-01,7,6,41,623,126,2026-08-29,0,2026-08-28T06:00:00Z
ACCT-0001,2026-09-01,8,6,40,842,144,2026-09-28,,2026-09-30T06:00:00Z
ACCT-0002,2026-06-01,17,12,84,2255,969,2026-06-20,0,2026-06-28T06:00:00Z
ACCT-0002,2026-07-01,18,12,85,1837,1026,2026-07-20,0,2026-07-28T06:00:00Z
ACCT-0002,2026-08-01,19,11,69,1257,1083,2026-08-20,0,2026-08-28T06:00:00Z
ACCT-0002,2026-09-01,20,11,61,1032,1140,2026-09-18,,2026-09-30T06:00:00Z
ACCT-0003,2026-06-01,29,15,88,2081,986,2026-06-12,1,2026-06-28T06:00:00Z
ACCT-0003,2026-07-01,30,14,71,1521,1020,2026-07-12,1,2026-07-28T06:00:00Z
ACCT-0003,2026-08-01,31,12,68,1896,1054,2026-08-11,1,2026-08-28T06:00:00Z
ACCT-0003,2026-09-01,32,10,57,1195,1088,2026-09-08,,2026-09-30T06:00:00Z
ACCT-0004,2026-06-01,41,36,238,5447,738,2026-06-26,0,2026-06-28T06:00:00Z
ACCT-0004,2026-07-01,42,35,235,7551,756,2026-07-26,0,2026-07-28T06:00:00Z
ACCT-0004,2026-08-01,43,34,259,8088,774,2026-08-26,0,2026-08-28T06:00:00Z
ACCT-0004,2026-09-01,44,32,224,8214,792,2026-09-25,,2026-09-30T06:00:00Z
ACCT-0005,2026-06-01,53,36,224,7574,3021,2026-06-18,0,2026-06-28T06:00:00Z
ACCT-0005,2026-07-01,54,33,197,6361,3078,2026-07-18,0,2026-07-28T06:00:00Z
ACCT-0005,2026-08-01,55,30,188,7755,3135,2026-08-17,0,2026-08-28T06:00:00Z
ACCT-0005,2026-09-01,49,23,143,5079,2793,2026-09-15,,2026-09-30T06:00:00Z
ACCT-0006,2026-06-01,65,30,167,5643,2210,2026-06-10,1,2026-06-28T06:00:00Z
ACCT-0006,2026-07-01,66,27,134,6221,2244,2026-07-09,1,2026-07-28T06:00:00Z
ACCT-0006,2026-08-01,60,20,104,4652,2040,2026-08-08,1,2026-08-28T06:00:00Z
ACCT-0006,2026-09-01,61,16,68,2032,2074,2026-09-05,,2026-09-30T06:00:00Z
ACCT-0007,2026-06-01,77,64,398,20441,1386,2026-06-23,0,2026-06-28T06:00:00Z
ACCT-0007,2026-07-01,71,55,343,16533,1278,2026-07-24,0,2026-07-28T06:00:00Z
ACCT-0007,2026-08-01,72,51,313,10500,1296,2026-08-23,0,2026-08-28T06:00:00Z
ACCT-0007,2026-09-01,73,47,321,14407,1314,2026-09-22,,2026-09-30T06:00:00Z
ACCT-0008,2026-06-01,82,51,254,5343,4674,2026-06-16,0,2026-06-28T06:00:00Z
ACCT-0008,2026-07-01,0,0,0,0,0,2026-07-15,1,2026-07-28T06:00:00Z
ACCT-0008,2026-08-01,84,40,213,4636,4788,2026-08-14,0,2026-08-28T06:00:00Z
ACCT-0008,2026-09-01,85,34,198,3195,4845,2026-09-12,,2026-09-30T06:00:00Z
ACCT-0009,2026-06-01,94,38,175,4247,3196,2026-06-08,1,2026-06-28T06:00:00Z
ACCT-0009,2026-07-01,95,32,150,3503,3230,2026-07-07,1,2026-07-28T06:00:00Z
ACCT-0009,2026-08-01,96,26,118,2949,3264,2026-08-05,1,2026-08-28T06:00:00Z
ACCT-0009,2026-09-01,97,20,97,1888,3298,2026-09-02,,2026-09-30T06:00:00Z
ACCT-0010,2026-06-01,106,81,544,16342,3604,2026-06-21,0,2026-06-28T06:00:00Z
ACCT-0010,2026-07-01,107,74,497,11116,3638,2026-07-21,0,2026-07-28T06:00:00Z
ACCT-0010,2026-08-01,108,67,410,11811,3672,2026-08-21,0,2026-08-28T06:00:00Z
ACCT-0010,2026-09-01,109,59,345,10904,3706,2026-09-19,,2026-09-30T06:00:00Z
ACCT-0011,2026-06-01,118,64,313,7322,2124,2026-06-13,0,2026-06-28T06:00:00Z
ACCT-0011,2026-07-01,119,56,322,9109,2142,2026-07-13,1,2026-07-28T06:00:00Z
ACCT-0011,2026-08-01,120,47,260,7764,2160,2026-08-11,0,2026-08-28T06:00:00Z
ACCT-0011,2026-09-01,121,39,199,6199,2178,2026-09-09,,2026-09-30T06:00:00Z
ACCT-0012,2026-06-01,130,116,874,28317,7410,2026-06-27,0,2026-06-28T06:00:00Z
ACCT-0012,2026-07-01,131,108,740,30712,7467,2026-07-27,0,2026-07-28T06:00:00Z
ACCT-0012,2026-08-01,132,101,661,20070,7524,2026-08-27,0,2026-08-28T06:00:00Z
ACCT-0012,2026-09-01,126,89,617,18738,7182,2026-09-26,,2026-09-30T06:00:00Z
ACCT-0013,2026-06-01,142,96,628,27935,4828,2026-06-19,0,2026-06-28T06:00:00Z
ACCT-0013,2026-07-01,143,86,468,19076,4862,2026-07-19,0,2026-07-28T06:00:00Z
ACCT-0013,2026-08-01,137,72,462,15604,4658,2026-08-18,0,2026-08-28T06:00:00Z
ACCT-0013,2026-09-01,138,63,369,12273,4692,2026-09-16,,2026-09-30T06:00:00Z
ACCT-0014,2026-06-01,154,71,309,14674,2772,2026-06-11,1,2026-06-28T06:00:00Z
ACCT-0014,2026-07-01,148,58,300,12844,2664,2026-07-10,1,2026-07-28T06:00:00Z
ACCT-0014,2026-08-01,149,48,218,8524,2682,2026-08-09,1,2026-08-28T06:00:00Z
ACCT-0014,2026-09-01,150,39,180,8118,2700,2026-09-06,,2026-09-30T06:00:00Z
ACCT-0015,2026-06-01,14,11,71,1125,798,2026-06-24,0,2026-06-28T06:00:00Z
ACCT-0015,2026-07-01,15,11,72,1506,855,2026-07-25,0,2026-07-28T06:00:00Z
ACCT-0015,2026-08-01,16,11,70,1301,912,2026-08-25,0,2026-08-28T06:00:00Z
ACCT-0015,2026-09-01,17,10,62,1000,969,2026-09-23,,2026-09-30T06:00:00Z
ACCT-0016,2026-06-01,26,15,93,1916,884,2026-06-16,0,2026-06-28T06:00:00Z
ACCT-0016,2026-07-01,27,14,74,1575,918,2026-07-16,0,2026-07-28T06:00:00Z
ACCT-0016,2026-08-01,28,13,71,1921,952,2026-08-15,0,2026-08-28T06:00:00Z
ACCT-0016,2026-09-01,29,11,63,1622,986,2026-09-13,,2026-09-30T06:00:00Z
ACCT-0017,2026-06-01,38,15,73,2339,684,2026-06-09,1,2026-06-28T06:00:00Z
ACCT-0017,2026-07-01,39,13,67,1403,702,2026-07-08,1,2026-07-28T06:00:00Z
ACCT-0017,2026-08-01,40,11,53,1255,720,2026-08-06,1,2026-08-28T06:00:00Z
ACCT-0017,2026-09-01,41,9,38,869,738,2026-09-03,,2026-09-30T06:00:00Z
ACCT-0018,2026-06-01,50,36,218,6468,2850,2026-06-22,0,2026-06-28T06:00:00Z
ACCT-0018,2026-07-01,51,33,229,7295,2907,2026-07-22,0,2026-07-28T06:00:00Z
ACCT-0018,2026-08-01,52,31,213,7699,2964,2026-08-22,0,2026-08-28T06:00:00Z
ACCT-0018,2026-09-01,53,28,197,4473,3021,2026-09-20,,2026-09-30T06:00:00Z
ACCT-0019,2026-06-01,62,32,192,7929,3534,2026-06-14,0,2026-06-28T06:00:00Z
ACCT-0019,2026-07-01,63,28,132,3415,3591,2026-07-14,0,2026-07-28T06:00:00Z
ACCT-0019,2026-08-01,64,25,146,5072,3648,2026-08-13,0,2026-08-28T06:00:00Z
ACCT-0019,2026-09-01,58,19,105,4130,3306,2026-09-10,,2026-09-30T06:00:00Z
ACCT-0020,2026-06-01,74,62,462,15285,2516,2026-06-27,0,2026-06-28T06:00:00Z
ACCT-0020,2026-07-01,75,60,476,14736,2550,2026-07-28,0,2026-07-28T06:00:00Z
ACCT-0020,2026-08-01,69,52,397,15059,2346,2026-08-28,0,2026-08-28T06:00:00Z
ACCT-0020,2026-09-01,70,50,384,16100,2380,2026-09-27,,2026-09-30T06:00:00Z
ACCT-0021,2026-06-01,86,56,306,11106,1548,2026-06-20,0,2026-06-28T06:00:00Z
ACCT-0021,2026-07-01,80,47,255,11503,1440,2026-07-20,0,2026-07-28T06:00:00Z
ACCT-0021,2026-08-01,81,43,299,10335,1458,2026-08-19,0,2026-08-28T06:00:00Z
ACCT-0021,2026-09-01,82,39,248,8759,1476,2026-09-17,,2026-09-30T06:00:00Z
ACCT-0022,2026-06-01,91,42,240,4282,5187,2026-06-12,0,2026-06-28T06:00:00Z
ACCT-0022,2026-07-01,92,37,171,3688,5244,2026-07-11,1,2026-07-28T06:00:00Z
ACCT-0022,2026-08-01,93,32,142,1946,5301,2026-08-10,1,2026-08-28T06:00:00Z
ACCT-0022,2026-09-01,94,27,138,2174,5358,2026-09-07,,2026-09-30T06:00:00Z
ACCT-0023,2026-06-01,103,82,571,10701,3502,2026-06-25,0,2026-06-28T06:00:00Z
ACCT-0023,2026-07-01,104,78,576,12446,3536,2026-07-26,0,2026-07-28T06:00:00Z
ACCT-0023,2026-08-01,105,75,549,12113,3570,2026-08-25,0,2026-08-28T06:00:00Z
ACCT-0023,2026-09-01,106,71,456,8435,3604,2026-09-24,,2026-09-30T06:00:00Z
ACCT-0024,2026-06-01,115,70,424,8808,2070,2026-06-17,0,2026-06-28T06:00:00Z
ACCT-0024,2026-07-01,116,64,372,7949,2088,2026-07-17,0,2026-07-28T06:00:00Z
ACCT-0024,2026-08-01,117,58,342,9432,2106,2026-08-16,0,2026-08-28T06:00:00Z
ACCT-0024,2026-09-01,118,51,333,9908,2124,2026-09-14,,2026-09-30T06:00:00Z
ACCT-0025,2026-06-01,127,53,246,5713,7239,2026-06-10,1,2026-06-28T06:00:00Z
ACCT-0025,2026-07-01,128,46,195,6457,7296,2026-07-09,1,2026-07-28T06:00:00Z
ACCT-0025,2026-08-01,129,39,187,4564,7353,2026-08-07,1,2026-08-28T06:00:00Z
ACCT-0025,2026-09-01,130,32,169,4628,7410,2026-09-04,,2026-09-30T06:00:00Z
ACCT-0026,2026-06-01,139,107,797,25234,4726,2026-06-23,0,2026-06-28T06:00:00Z
ACCT-0026,2026-07-01,140,101,664,20088,4760,2026-07-23,0,2026-07-28T06:00:00Z
ACCT-0026,2026-08-01,141,95,630,20296,4794,2026-08-23,0,2026-08-28T06:00:00Z
ACCT-0026,2026-09-01,135,83,539,14080,4590,2026-09-21,,2026-09-30T06:00:00Z
ACCT-0027,2026-06-01,151,87,446,16379,2718,2026-06-15,0,2026-06-28T06:00:00Z
ACCT-0027,2026-07-01,152,78,390,15901,2736,2026-07-15,0,2026-07-28T06:00:00Z
ACCT-0027,2026-08-01,146,66,375,17753,2628,2026-08-13,0,2026-08-28T06:00:00Z
ACCT-0027,2026-09-01,147,57,311,14064,2646,2026-09-11,,2026-09-30T06:00:00Z
ACCT-0028,2026-06-01,18,7,26,1213,324,2026-06-07,1,2026-06-28T06:00:00Z
ACCT-0028,2026-07-01,12,4,21,1074,216,2026-07-06,1,2026-07-28T06:00:00Z
ACCT-0028,2026-08-01,13,3,15,760,234,2026-08-04,1,2026-08-28T06:00:00Z
ACCT-0028,2026-09-01,14,3,13,493,252,2026-09-01,,2026-09-30T06:00:00Z
ACCT-0029,2026-06-01,23,17,112,1807,1311,2026-06-20,0,2026-06-28T06:00:00Z
ACCT-0029,2026-07-01,24,16,89,1915,1368,2026-07-21,0,2026-07-28T06:00:00Z
ACCT-0029,2026-08-01,25,15,105,1528,1425,2026-08-20,0,2026-08-28T06:00:00Z
ACCT-0029,2026-09-01,26,14,79,1316,1482,2026-09-18,,2026-09-30T06:00:00Z
ACCT-0030,2026-06-01,35,19,98,1794,1190,2026-06-13,1,2026-06-28T06:00:00Z
ACCT-0030,2026-07-01,36,17,100,2202,1224,2026-07-12,1,2026-07-28T06:00:00Z
ACCT-0030,2026-08-01,37,15,81,1889,1258,2026-08-11,1,2026-08-28T06:00:00Z
ACCT-0030,2026-09-01,38,12,69,1652,1292,2026-09-08,,2026-09-30T06:00:00Z
ACCT-0031,2026-06-01,47,42,295,7667,846,2026-06-26,0,2026-06-28T06:00:00Z
ACCT-0031,2026-07-01,48,41,295,9565,864,2026-07-27,0,2026-07-28T06:00:00Z
ACCT-0031,2026-08-01,49,39,294,7669,882,2026-08-27,0,2026-08-28T06:00:00Z
ACCT-0031,2026-09-01,50,37,287,8583,900,2026-09-25,,2026-09-30T06:00:00Z
ACCT-0032,2026-06-01,59,41,272,6486,3363,2026-06-18,0,2026-06-28T06:00:00Z
ACCT-0032,2026-07-01,60,37,228,7011,3420,2026-07-18,0,2026-07-28T06:00:00Z
ACCT-0032,2026-08-01,61,33,186,4787,3477,2026-08-17,0,2026-08-28T06:00:00Z
ACCT-0032,2026-09-01,62,29,164,5282,3534,2026-09-15,,2026-09-30T06:00:00Z
ACCT-0033,2026-06-01,71,34,166,6134,2414,2026-06-10,1,2026-06-28T06:00:00Z
ACCT-0033,2026-07-01,72,29,140,4831,2448,2026-07-10,1,2026-07-28T06:00:00Z
ACCT-0033,2026-08-01,73,25,101,2626,2482,2026-08-08,1,2026-08-28T06:00:00Z
ACCT-0033,2026-09-01,67,18,97,3383,2278,2026-09-05,,2026-09-30T06:00:00Z
ACCT-0034,2026-06-01,83,70,525,16594,1494,2026-06-24,0,2026-06-28T06:00:00Z
ACCT-0034,2026-07-01,84,65,441,18249,1512,2026-07-24,0,2026-07-28T06:00:00Z
ACCT-0034,2026-08-01,78,55,356,13776,1404,2026-08-24,0,2026-08-28T06:00:00Z
ACCT-0034,2026-09-01,79,50,326,12420,1422,2026-09-22,,2026-09-30T06:00:00Z
ACCT-0035,2026-06-01,95,59,353,14578,5415,2026-06-16,0,2026-06-28T06:00:00Z
ACCT-0035,2026-07-01,89,48,296,11143,5073,2026-07-16,0,2026-07-28T06:00:00Z
ACCT-0035,2026-08-01,90,42,252,11099,5130,2026-08-15,0,2026-08-28T06:00:00Z
ACCT-0035,2026-09-01,91,36,230,7522,5187,2026-09-12,,2026-09-30T06:00:00Z
ACCT-0036,2026-06-01,100,40,191,3155,3400,2026-06-08,1,2026-06-28T06:00:00Z
ACCT-0036,2026-07-01,101,34,160,2526,3434,2026-07-07,1,2026-07-28T06:00:00Z
ACCT-0036,2026-08-01,102,28,134,2118,3468,2026-08-05,1,2026-08-28T06:00:00Z
ACCT-0036,2026-09-01,103,21,102,2263,3502,2026-09-02,,2026-09-30T06:00:00Z
ACCT-0037,2026-06-01,112,84,481,12813,3808,2026-06-21,0,2026-06-28T06:00:00Z
ACCT-0037,2026-07-01,113,77,506,8931,3842,2026-07-22,0,2026-07-28T06:00:00Z
ACCT-0037,2026-08-01,114,69,422,10748,3876,2026-08-21,0,2026-08-28T06:00:00Z
ACCT-0037,2026-09-01,115,62,431,9559,3910,2026-09-19,,2026-09-30T06:00:00Z
ACCT-0038,2026-06-01,124,66,374,8238,2232,2026-06-14,0,2026-06-28T06:00:00Z
ACCT-0038,2026-07-01,125,58,293,6766,2250,2026-07-13,0,2026-07-28T06:00:00Z
ACCT-0038,2026-08-01,126,49,263,5512,2268,2026-08-12,0,2026-08-28T06:00:00Z
ACCT-0038,2026-09-01,127,41,219,4617,2286,2026-09-09,,2026-09-30T06:00:00Z
ACCT-0039,2026-06-01,136,119,826,22934,7752,2026-06-27,0,2026-06-28T06:00:00Z
ACCT-0039,2026-07-01,137,111,799,21262,7809,2026-07-28,0,2026-07-28T06:00:00Z
ACCT-0039,2026-08-01,138,104,771,24643,7866,2026-08-27,0,2026-08-28T06:00:00Z
ACCT-0039,2026-09-01,139,97,655,16689,7923,2026-09-26,,2026-09-30T06:00:00Z
ACCT-0040,2026-06-01,148,98,656,21963,5032,2026-06-19,0,2026-06-28T06:00:00Z
ACCT-0040,2026-07-01,149,88,557,22076,5066,2026-07-19,0,2026-07-28T06:00:00Z
ACCT-0040,2026-08-01,150,78,498,15701,5100,2026-08-18,0,2026-08-28T06:00:00Z
ACCT-0040,2026-09-01,144,65,417,15811,4896,2026-09-16,,2026-09-30T06:00:00Z
ACCT-0041,2026-06-01,15,7,40,1714,270,2026-06-11,1,2026-06-28T06:00:00Z
ACCT-0041,2026-07-01,16,6,32,1469,288,2026-07-11,1,2026-07-28T06:00:00Z
ACCT-0041,2026-08-01,10,3,15,659,180,2026-08-09,1,2026-08-28T06:00:00Z
ACCT-0041,2026-09-01,11,3,13,502,198,2026-09-06,,2026-09-30T06:00:00Z
ACCT-0042,2026-06-01,27,21,136,7063,1539,2026-06-24,0,2026-06-28T06:00:00Z
ACCT-0042,2026-07-01,21,15,93,4228,1197,2026-07-25,0,2026-07-28T06:00:00Z
ACCT-0042,2026-08-01,22,15,93,4839,1254,2026-08-25,0,2026-08-28T06:00:00Z
ACCT-0042,2026-09-01,23,14,97,3351,1311,2026-09-23,,2026-09-30T06:00:00Z
ACCT-0043,2026-06-01,32,19,99,1347,1088,2026-06-17,0,2026-06-28T06:00:00Z
ACCT-0043,2026-07-01,33,17,86,1417,1122,2026-07-17,0,2026-07-28T06:00:00Z
ACCT-0043,2026-08-01,34,15,81,1521,1156,2026-08-15,0,2026-08-28T06:00:00Z
ACCT-0043,2026-09-01,35,14,89,1967,1190,2026-09-13,,2026-09-30T06:00:00Z
ACCT-0044,2026-06-01,44,17,84,1620,792,2026-06-09,1,2026-06-28T06:00:00Z
ACCT-0044,2026-07-01,45,15,65,1679,810,2026-07-08,1,2026-07-28T06:00:00Z
ACCT-0044,2026-08-01,46,12,61,1285,828,2026-08-06,1,2026-08-28T06:00:00Z
ACCT-0044,2026-09-01,47,10,44,786,846,2026-09-03,,2026-09-30T06:00:00Z
ACCT-0045,2026-06-01,56,40,254,8108,3192,2026-06-22,0,2026-06-28T06:00:00Z
ACCT-0045,2026-07-01,57,37,217,5957,3249,2026-07-23,0,2026-07-28T06:00:00Z
ACCT-0045,2026-08-01,58,35,225,5790,3306,2026-08-22,0,2026-08-28T06:00:00Z
ACCT-0045,2026-09-01,59,32,199,5750,3363,2026-09-20,,2026-09-30T06:00:00Z
ACCT-0046,2026-06-01,68,35,163,5102,3876,2026-06-14,0,2026-06-28T06:00:00Z
ACCT-0046,2026-07-01,69,32,193,6727,3933,2026-07-14,0,2026-07-28T06:00:00Z
ACCT-0046,2026-08-01,70,28,142,4522,3990,2026-08-13,0,2026-08-28T06:00:00Z
ACCT-0046,2026-09-01,71,24,135,3155,4047,2026-09-10,,2026-09-30T06:00:00Z
ACCT-0047,2026-06-01,80,68,522,14529,2720,2026-06-28,0,2026-06-28T06:00:00Z
ACCT-0047,2026-07-01,81,66,451,12282,2754,2026-07-29,0,2026-07-28T06:00:00Z
ACCT-0047,2026-08-01,82,64,440,14385,2788,2026-08-29,0,2026-08-28T06:00:00Z
ACCT-0047,2026-09-01,76,57,391,14170,2584,2026-09-27,,2026-09-30T06:00:00Z
ACCT-0048,2026-06-01,92,61,356,11517,1656,2026-06-20,0,2026-06-28T06:00:00Z
ACCT-0048,2026-07-01,93,57,359,16417,1674,2026-07-20,0,2026-07-28T06:00:00Z
ACCT-0048,2026-08-01,87,48,309,10081,1566,2026-08-19,0,2026-08-28T06:00:00Z
ACCT-0048,2026-09-01,88,44,270,10650,1584,2026-09-17,,2026-09-30T06:00:00Z
ACCT-0049,2026-06-01,104,50,258,11987,5928,2026-06-12,0,2026-06-28T06:00:00Z
ACCT-0049,2026-07-01,98,41,211,7581,5586,2026-07-12,0,2026-07-28T06:00:00Z
ACCT-0049,2026-08-01,99,36,168,5516,5643,2026-08-10,1,2026-08-28T06:00:00Z
ACCT-0049,2026-09-01,100,30,136,5633,5700,2026-09-07,,2026-09-30T06:00:00Z
ACCT-0050,2026-06-01,109,90,633,13430,3706,2026-06-25,0,2026-06-28T06:00:00Z
ACCT-0050,2026-07-01,110,86,589,11316,3740,2026-07-26,0,2026-07-28T06:00:00Z
ACCT-0050,2026-08-01,111,82,603,13224,3774,2026-08-26,0,2026-08-28T06:00:00Z
ACCT-0050,2026-09-01,112,78,598,11623,3808,2026-09-24,,2026-09-30T06:00:00Z
ACCT-0051,2026-06-01,121,77,489,12072,2178,2026-06-18,0,2026-06-28T06:00:00Z
ACCT-0051,2026-07-01,122,70,394,10237,2196,2026-07-17,0,2026-07-28T06:00:00Z
ACCT-0051,2026-08-01,123,63,355,6647,2214,2026-08-17,0,2026-08-28T06:00:00Z
ACCT-0051,2026-09-01,124,56,305,6415,2232,2026-09-14,,2026-09-30T06:00:00Z
ACCT-0052,2026-06-01,133,58,240,5231,7581,2026-06-10,1,2026-06-28T06:00:00Z
ACCT-0052,2026-07-01,134,51,202,5174,7638,2026-07-09,1,2026-07-28T06:00:00Z
ACCT-0052,2026-08-01,135,43,217,5661,7695,2026-08-07,1,2026-08-28T06:00:00Z
ACCT-0052,2026-09-01,136,35,166,5318,7752,2026-09-05,,2026-09-30T06:00:00Z
ACCT-0053,2026-06-01,145,116,764,19953,4930,2026-06-23,0,2026-06-28T06:00:00Z
ACCT-0053,2026-07-01,146,109,700,16935,4964,2026-07-23,0,2026-07-28T06:00:00Z
ACCT-0053,2026-08-01,147,102,676,23972,4998,2026-08-23,0,2026-08-28T06:00:00Z
ACCT-0053,2026-09-01,148,94,656,18746,5032,2026-09-22,,2026-09-30T06:00:00Z
ACCT-0054,2026-06-01,12,7,42,1407,216,2026-06-15,0,2026-06-28T06:00:00Z
ACCT-0054,2026-07-01,13,7,39,1457,234,2026-07-15,0,2026-07-28T06:00:00Z
ACCT-0054,2026-08-01,14,7,44,1746,252,2026-08-14,0,2026-08-28T06:00:00Z
ACCT-0054,2026-09-01,8,3,17,483,144,2026-09-12,,2026-09-30T06:00:00Z
ACCT-0055,2026-06-01,24,9,36,1141,432,2026-06-07,1,2026-06-28T06:00:00Z
ACCT-0055,2026-07-01,25,8,40,1698,450,2026-07-06,1,2026-07-28T06:00:00Z
ACCT-0055,2026-08-01,19,5,18,725,342,2026-08-05,1,2026-08-28T06:00:00Z
ACCT-0055,2026-09-01,20,4,19,623,360,2026-09-02,,2026-09-30T06:00:00Z
ACCT-0056,2026-06-01,36,27,159,6442,2052,2026-06-21,0,2026-06-28T06:00:00Z
ACCT-0056,2026-07-01,30,21,124,4053,1710,2026-07-21,0,2026-07-28T06:00:00Z
ACCT-0056,2026-08-01,31,19,126,4052,1767,2026-08-20,0,2026-08-28T06:00:00Z
ACCT-0056,2026-09-01,32,18,115,4131,1824,2026-09-19,,2026-09-30T06:00:00Z
ACCT-0057,2026-06-01,41,22,119,2522,1394,2026-06-13,0,2026-06-28T06:00:00Z
ACCT-0057,2026-07-01,42,20,102,1658,1428,2026-07-12,0,2026-07-28T06:00:00Z
ACCT-0057,2026-08-01,43,17,76,1239,1462,2026-08-11,0,2026-08-28T06:00:00Z
ACCT-0057,2026-09-01,44,15,82,1827,1496,2026-09-09,,2026-09-30T06:00:00Z
ACCT-0058,2026-06-01,53,48,334,5553,954,2026-06-26,0,2026-06-28T06:00:00Z
ACCT-0058,2026-07-01,54,46,367,9806,972,2026-07-27,0,2026-07-28T06:00:00Z
ACCT-0058,2026-08-01,55,44,350,7869,990,2026-08-27,0,2026-08-28T06:00:00Z
ACCT-0058,2026-09-01,56,41,325,6925,1008,2026-09-26,,2026-09-30T06:00:00Z
ACCT-0059,2026-06-01,65,45,300,7731,3705,2026-06-18,0,2026-06-28T06:00:00Z
ACCT-0059,2026-07-01,66,41,238,6188,3762,2026-07-18,0,2026-07-28T06:00:00Z
ACCT-0059,2026-08-01,67,37,231,5729,3819,2026-08-17,0,2026-08-28T06:00:00Z
ACCT-0059,2026-09-01,68,32,187,4485,3876,2026-09-16,,2026-09-30T06:00:00Z
ACCT-0060,2026-06-01,77,37,203,5050,2618,2026-06-11,1,2026-06-28T06:00:00Z
ACCT-0060,2026-07-01,78,32,158,5134,2652,2026-07-10,1,2026-07-28T06:00:00Z
ACCT-0060,2026-08-01,79,26,112,3596,2686,2026-08-08,1,2026-08-28T06:00:00Z
ACCT-0060,2026-09-01,80,21,101,3531,2720,2026-09-06,,2026-09-30T06:00:00Z
ACCT-0061,2026-06-01,89,74,501,15026,1602,2026-06-24,0,2026-06-28T06:00:00Z
ACCT-0061,2026-07-01,90,69,426,12536,1620,2026-07-24,0,2026-07-28T06:00:00Z
ACCT-0061,2026-08-01,91,63,442,14156,1638,2026-08-24,0,2026-08-28T06:00:00Z
ACCT-0061,2026-09-01,85,53,387,15731,1530,2026-09-23,,2026-09-30T06:00:00Z
ACCT-0062,2026-06-01,101,62,388,16411,5757,2026-06-16,0,2026-06-28T06:00:00Z
ACCT-0062,2026-07-01,102,55,287,12527,5814,2026-07-16,0,2026-07-28T06:00:00Z
ACCT-0062,2026-08-01,96,44,250,7751,5472,2026-08-15,0,2026-08-28T06:00:00Z
ACCT-0062,2026-09-01,97,38,204,5935,5529,2026-09-13,,2026-09-30T06:00:00Z
ACCT-0063,2026-06-01,113,45,179,5717,3842,2026-06-08,1,2026-06-28T06:00:00Z
ACCT-0063,2026-07-01,107,36,173,5800,3638,2026-07-07,1,2026-07-28T06:00:00Z
ACCT-0063,2026-08-01,108,29,144,7051,3672,2026-08-05,1,2026-08-28T06:00:00Z
ACCT-0063,2026-09-01,109,22,102,4636,3706,2026-09-03,,2026-09-30T06:00:00Z
ACCT-0064,2026-06-01,118,87,543,8534,4012,2026-06-21,0,2026-06-28T06:00:00Z
ACCT-0064,2026-07-01,119,79,557,8198,4046,2026-07-22,0,2026-07-28T06:00:00Z
ACCT-0064,2026-08-01,120,72,467,10068,4080,2026-08-21,0,2026-08-28T06:00:00Z
ACCT-0064,2026-09-01,121,64,388,8538,4114,2026-09-20,,2026-09-30T06:00:00Z
ACCT-0065,2026-06-01,130,68,352,8421,2340,2026-06-14,0,2026-06-28T06:00:00Z
ACCT-0065,2026-07-01,131,60,364,6323,2358,2026-07-13,0,2026-07-28T06:00:00Z
ACCT-0065,2026-08-01,132,51,260,5075,2376,2026-08-12,0,2026-08-28T06:00:00Z
ACCT-0065,2026-09-01,133,42,242,6642,2394,2026-09-10,,2026-09-30T06:00:00Z
ACCT-0066,2026-06-01,142,121,963,19575,8094,2026-06-27,0,2026-06-28T06:00:00Z
ACCT-0066,2026-07-01,143,114,791,16566,8151,2026-07-28,0,2026-07-28T06:00:00Z
ACCT-0066,2026-08-01,144,107,782,17815,8208,2026-08-28,0,2026-08-28T06:00:00Z
ACCT-0066,2026-09-01,145,101,774,18542,8265,2026-09-27,,2026-09-30T06:00:00Z
ACCT-0067,2026-06-01,9,6,35,1207,306,2026-06-19,0,2026-06-28T06:00:00Z
ACCT-0067,2026-07-01,10,6,41,1128,340,2026-07-19,0,2026-07-28T06:00:00Z
ACCT-0067,2026-08-01,0,0,0,0,0,2026-08-19,1,2026-08-28T06:00:00Z
ACCT-0067,2026-09-01,12,5,31,911,408,2026-09-17,,2026-09-30T06:00:00Z
ACCT-0068,2026-06-01,21,9,44,1174,378,2026-06-11,1,2026-06-28T06:00:00Z
ACCT-0068,2026-07-01,22,9,40,1664,396,2026-07-11,1,2026-07-28T06:00:00Z
ACCT-0068,2026-08-01,23,7,40,1134,414,2026-08-09,1,2026-08-28T06:00:00Z
ACCT-0068,2026-09-01,17,4,18,720,306,2026-09-07,,2026-09-30T06:00:00Z
ACCT-0069,2026-06-01,33,26,181,6936,1881,2026-06-25,0,2026-06-28T06:00:00Z
ACCT-0069,2026-07-01,34,24,155,6298,1938,2026-07-25,0,2026-07-28T06:00:00Z
ACCT-0069,2026-08-01,28,19,136,5704,1596,2026-08-25,0,2026-08-28T06:00:00Z
ACCT-0069,2026-09-01,29,18,135,4156,1653,2026-09-24,,2026-09-30T06:00:00Z
ACCT-0070,2026-06-01,45,26,133,4363,1530,2026-06-17,0,2026-06-28T06:00:00Z
ACCT-0070,2026-07-01,39,20,126,5113,1326,2026-07-17,0,2026-07-28T06:00:00Z
ACCT-0070,2026-08-01,40,18,106,3819,1360,2026-08-16,0,2026-08-28T06:00:00Z
ACCT-0070,2026-09-01,41,16,104,4973,1394,2026-09-14,,2026-09-30T06:00:00Z
ACCT-0071,2026-06-01,50,20,103,1665,900,2026-06-09,1,2026-06-28T06:00:00Z
ACCT-0071,2026-07-01,51,17,79,1657,918,2026-07-08,1,2026-07-28T06:00:00Z
ACCT-0071,2026-08-01,52,14,70,1313,936,2026-08-06,1,2026-08-28T06:00:00Z
ACCT-0071,2026-09-01,53,12,46,738,954,2026-09-04,,2026-09-30T06:00:00Z
ACCT-0072,2026-06-01,62,45,276,7372,3534,2026-06-22,0,2026-06-28T06:00:00Z
ACCT-0072,2026-07-01,63,42,295,6328,3591,2026-07-23,0,2026-07-28T06:00:00Z
ACCT-0072,2026-08-01,64,40,278,6769,3648,2026-08-22,0,2026-08-28T06:00:00Z
ACCT-0072,2026-09-01,65,37,254,4246,3705,2026-09-21,,2026-09-30T06:00:00Z
ACCT-0073,2026-06-01,74,39,219,6449,4218,2026-06-15,0,2026-06-28T06:00:00Z
ACCT-0073,2026-07-01,75,36,195,4581,4275,2026-07-14,0,2026-07-28T06:00:00Z
ACCT-0073,2026-08-01,76,32,163,4845,4332,2026-08-13,0,2026-08-28T06:00:00Z
ACCT-0073,2026-09-01,77,27,141,3423,4389,2026-09-11,,2026-09-30T06:00:00Z
ACCT-0074,2026-06-01,86,75,595,17419,2924,2026-06-28,0,2026-06-28T06:00:00Z
ACCT-0074,2026-07-01,87,73,548,18999,2958,2026-07-29,0,2026-07-28T06:00:00Z
ACCT-0074,2026-08-01,88,71,579,14593,2992,2026-08-29,0,2026-08-28T06:00:00Z
ACCT-0074,2026-09-01,89,69,485,15787,3026,2026-09-28,,2026-09-30T06:00:00Z
ACCT-0075,2026-06-01,98,67,380,11618,1764,2026-06-20,0,2026-06-28T06:00:00Z
ACCT-0075,2026-07-01,99,63,375,15388,1782,2026-07-20,0,2026-07-28T06:00:00Z
ACCT-0075,2026-08-01,100,58,332,11434,1800,2026-08-19,0,2026-08-28T06:00:00Z
ACCT-0075,2026-09-01,94,49,316,11921,1692,2026-09-18,,2026-09-30T06:00:00Z
ACCT-0076,2026-06-01,110,54,252,8478,6270,2026-06-12,1,2026-06-28T06:00:00Z
ACCT-0076,2026-07-01,111,48,235,7950,6327,2026-07-12,1,2026-07-28T06:00:00Z
ACCT-0076,2026-08-01,105,39,226,9835,5985,2026-08-10,1,2026-08-28T06:00:00Z
ACCT-0076,2026-09-01,106,33,161,7573,6042,2026-09-08,,2026-09-30T06:00:00Z
ACCT-0077,2026-06-01,122,104,684,23560,4148,2026-06-25,0,2026-06-28T06:00:00Z
ACCT-0077,2026-07-01,116,94,731,30020,3944,2026-07-26,0,2026-07-28T06:00:00Z
ACCT-0077,2026-08-01,117,89,625,32148,3978,2026-08-26,0,2026-08-28T06:00:00Z
ACCT-0077,2026-09-01,118,85,650,20590,4012,2026-09-25,,2026-09-30T06:00:00Z
ACCT-0078,2026-06-01,127,83,521,8745,2286,2026-06-18,0,2026-06-28T06:00:00Z
ACCT-0078,2026-07-01,128,76,498,8992,2304,2026-07-18,0,2026-07-28T06:00:00Z
ACCT-0078,2026-08-01,129,69,456,9655,2322,2026-08-17,0,2026-08-28T06:00:00Z
ACCT-0078,2026-09-01,130,60,388,8004,2340,2026-09-15,,2026-09-30T06:00:00Z
ACCT-0079,2026-06-01,139,63,348,6704,7923,2026-06-10,1,2026-06-28T06:00:00Z
ACCT-0079,2026-07-01,140,55,244,5648,7980,2026-07-09,0,2026-07-28T06:00:00Z
ACCT-0079,2026-08-01,141,46,189,3720,8037,2026-08-07,1,2026-08-28T06:00:00Z
ACCT-0079,2026-09-01,142,37,185,3502,8094,2026-09-05,,2026-09-30T06:00:00Z
ACCT-0080,2026-06-01,151,124,866,18234,5134,2026-06-23,0,2026-06-28T06:00:00Z
ACCT-0080,2026-07-01,152,116,738,15437,5168,2026-07-24,0,2026-07-28T06:00:00Z
ACCT-0080,2026-08-01,153,108,757,19185,5202,2026-08-23,0,2026-08-28T06:00:00Z
ACCT-0080,2026-09-01,154,99,728,20706,5236,2026-09-22,,2026-09-30T06:00:00Z
ACCT-0081,2026-06-01,18,11,64,1446,324,2026-06-15,0,2026-06-28T06:00:00Z
ACCT-0081,2026-07-01,19,10,61,1665,342,2026-07-15,0,2026-07-28T06:00:00Z
ACCT-0081,2026-08-01,20,9,55,1624,360,2026-08-14,0,2026-08-28T06:00:00Z
ACCT-0081,2026-09-01,21,8,48,1498,378,2026-09-12,,2026-09-30T06:00:00Z
ACCT-0082,2026-06-01,30,12,53,1499,540,2026-06-08,1,2026-06-28T06:00:00Z
ACCT-0082,2026-07-01,31,10,47,1516,558,2026-07-07,1,2026-07-28T06:00:00Z
ACCT-0082,2026-08-01,32,9,37,1475,576,2026-08-05,1,2026-08-28T06:00:00Z
ACCT-0082,2026-09-01,26,5,24,980,468,2026-09-02,,2026-09-30T06:00:00Z
ACCT-0083,2026-06-01,42,32,198,7418,2394,2026-06-21,0,2026-06-28T06:00:00Z
ACCT-0083,2026-07-01,43,30,199,7945,2451,2026-07-21,0,2026-07-28T06:00:00Z
ACCT-0083,2026-08-01,37,23,161,5433,2109,2026-08-21,0,2026-08-28T06:00:00Z
ACCT-0083,2026-09-01,38,21,120,5226,2166,2026-09-19,,2026-09-30T06:00:00Z
ACCT-0084,2026-06-01,54,30,154,7771,1836,2026-06-13,0,2026-06-28T06:00:00Z
ACCT-0084,2026-07-01,48,23,107,3895,1632,2026-07-13,0,2026-07-28T06:00:00Z
ACCT-0084,2026-08-01,49,20,97,3491,1666,2026-08-11,0,2026-08-28T06:00:00Z
ACCT-0084,2026-09-01,50,16,82,3530,1700,2026-09-09,,2026-09-30T06:00:00Z
ACCT-0085,2026-06-01,59,54,414,6798,1062,2026-06-26,0,2026-06-28T06:00:00Z
ACCT-0085,2026-07-01,60,51,354,5684,1080,2026-07-27,0,2026-07-28T06:00:00Z
ACCT-0085,2026-08-01,61,48,371,5957,1098,2026-08-27,0,2026-08-28T06:00:00Z
ACCT-0085,2026-09-01,62,45,337,7353,1116,2026-09-26,,2026-09-30T06:00:00Z
ACCT-0086,2026-06-01,71,49,325,8596,4047,2026-06-19,0,2026-06-28T06:00:00Z
ACCT-0086,2026-07-01,72,44,239,6232,4104,2026-07-19,0,2026-07-28T06:00:00Z
ACCT-0086,2026-08-01,73,39,229,5881,4161,2026-08-18,0,2026-08-28T06:00:00Z
ACCT-0086,2026-09-01,74,34,207,5117,4218,2026-09-16,,2026-09-30T06:00:00Z
ACCT-0087,2026-06-01,83,39,206,5432,2822,2026-06-11,1,2026-06-28T06:00:00Z
ACCT-0087,2026-07-01,84,34,143,4214,2856,2026-07-10,1,2026-07-28T06:00:00Z
ACCT-0087,2026-08-01,85,28,138,3528,2890,2026-08-09,1,2026-08-28T06:00:00Z
ACCT-0087,2026-09-01,86,23,128,3741,2924,2026-09-06,,2026-09-30T06:00:00Z
ACCT-0088,2026-06-01,95,78,484,16199,1710,2026-06-24,0,2026-06-28T06:00:00Z
ACCT-0088,2026-07-01,96,72,509,16177,1728,2026-07-25,0,2026-07-28T06:00:00Z
ACCT-0088,2026-08-01,97,66,474,15145,1746,2026-08-24,0,2026-08-28T06:00:00Z
ACCT-0088,2026-09-01,98,60,459,10465,1764,2026-09-23,,2026-09-30T06:00:00Z
ACCT-0089,2026-06-01,107,64,334,8643,6099,2026-06-16,0,2026-06-28T06:00:00Z
ACCT-0089,2026-07-01,108,57,342,13379,6156,2026-07-16,0,2026-07-28T06:00:00Z
ACCT-0089,2026-08-01,109,49,309,8771,6213,2026-08-15,0,2026-08-28T06:00:00Z
ACCT-0089,2026-09-01,103,40,253,7885,5871,2026-09-13,,2026-09-30T06:00:00Z
ACCT-0090,2026-06-01,119,47,242,8671,4046,2026-06-08,1,2026-06-28T06:00:00Z
ACCT-0090,2026-07-01,120,39,160,5881,4080,2026-07-08,1,2026-07-28T06:00:00Z
ACCT-0090,2026-08-01,114,30,152,6492,3876,2026-08-06,1,2026-08-28T06:00:00Z
ACCT-0090,2026-09-01,115,24,124,4451,3910,2026-09-03,,2026-09-30T06:00:00Z
ACCT-0091,2026-06-01,131,95,672,32567,4454,2026-06-22,0,2026-06-28T06:00:00Z
ACCT-0091,2026-07-01,125,82,504,18499,4250,2026-07-22,0,2026-07-28T06:00:00Z
ACCT-0091,2026-08-01,126,74,518,23187,4284,2026-08-21,0,2026-08-28T06:00:00Z
ACCT-0091,2026-09-01,127,67,413,15345,4318,2026-09-20,,2026-09-30T06:00:00Z
ACCT-0092,2026-06-01,136,71,324,4933,2448,2026-06-14,0,2026-06-28T06:00:00Z
ACCT-0092,2026-07-01,137,62,321,6333,2466,2026-07-14,0,2026-07-28T06:00:00Z
ACCT-0092,2026-08-01,138,53,248,3418,2484,2026-08-12,0,2026-08-28T06:00:00Z
ACCT-0092,2026-09-01,139,45,240,5065,2502,2026-09-10,,2026-09-30T06:00:00Z
ACCT-0093,2026-06-01,148,125,833,19210,8436,2026-06-27,0,2026-06-28T06:00:00Z
ACCT-0093,2026-07-01,149,118,890,15617,8493,2026-07-28,0,2026-07-28T06:00:00Z
ACCT-0093,2026-08-01,150,112,739,18758,8550,2026-08-28,0,2026-08-28T06:00:00Z
ACCT-0093,2026-09-01,151,106,746,16542,8607,2026-09-27,,2026-09-30T06:00:00Z
ACCT-0094,2026-06-01,15,10,62,1214,510,2026-06-19,0,2026-06-28T06:00:00Z
ACCT-0094,2026-07-01,16,9,55,1475,544,2026-07-20,0,2026-07-28T06:00:00Z
ACCT-0094,2026-08-01,17,9,61,1919,578,2026-08-19,0,2026-08-28T06:00:00Z
ACCT-0094,2026-09-01,18,8,44,1293,612,2026-09-17,,2026-09-30T06:00:00Z
ACCT-0095,2026-06-01,27,12,63,1992,486,2026-06-12,1,2026-06-28T06:00:00Z
ACCT-0095,2026-07-01,28,11,52,1671,504,2026-07-11,1,2026-07-28T06:00:00Z
ACCT-0095,2026-08-01,29,10,56,1841,522,2026-08-09,1,2026-08-28T06:00:00Z
ACCT-0095,2026-09-01,30,8,41,1441,540,2026-09-07,,2026-09-30T06:00:00Z
ACCT-0096,2026-06-01,39,30,194,7853,2223,2026-06-25,0,2026-06-28T06:00:00Z
ACCT-0096,2026-07-01,40,29,215,9100,2280,2026-07-26,0,2026-07-28T06:00:00Z
ACCT-0096,2026-08-01,41,28,207,5643,2337,2026-08-25,0,2026-08-28T06:00:00Z
ACCT-0096,2026-09-01,35,22,150,5500,1995,2026-09-24,,2026-09-30T06:00:00Z
ACCT-0097,2026-06-01,51,30,189,8597,1734,2026-06-17,0,2026-06-28T06:00:00Z
ACCT-0097,2026-07-01,52,28,184,8682,1768,2026-07-17,0,2026-07-28T06:00:00Z
ACCT-0097,2026-08-01,46,22,134,5265,1564,2026-08-16,0,2026-08-28T06:00:00Z
ACCT-0097,2026-09-01,47,19,97,3909,1598,2026-09-14,,2026-09-30T06:00:00Z
ACCT-0098,2026-06-01,63,25,110,4840,1134,2026-06-09,1,2026-06-28T06:00:00Z
ACCT-0098,2026-07-01,57,20,101,3939,1026,2026-07-09,1,2026-07-28T06:00:00Z
ACCT-0098,2026-08-01,58,17,91,4613,1044,2026-08-07,1,2026-08-28T06:00:00Z
ACCT-0098,2026-09-01,59,14,69,3097,1062,2026-09-04,,2026-09-30T06:00:00Z
ACCT-0099,2026-06-01,68,50,366,7418,3876,2026-06-23,0,2026-06-28T06:00:00Z
ACCT-0099,2026-07-01,69,48,287,4127,3933,2026-07-23,0,2026-07-28T06:00:00Z
ACCT-0099,2026-08-01,70,45,295,5324,3990,2026-08-23,0,2026-08-28T06:00:00Z
ACCT-0099,2026-09-01,71,42,273,4878,4047,2026-09-21,,2026-09-30T06:00:00Z
ACCT-0100,2026-06-01,80,44,218,5890,4560,2026-06-15,0,2026-06-28T06:00:00Z
ACCT-0100,2026-07-01,81,40,216,5367,4617,2026-07-15,0,2026-07-28T06:00:00Z
ACCT-0100,2026-08-01,82,35,203,5364,4674,2026-08-13,0,2026-08-28T06:00:00Z
ACCT-0100,2026-09-01,83,31,146,2568,4731,2026-09-11,,2026-09-30T06:00:00Z
ACCT-0101,2026-06-01,92,83,565,13907,3128,2026-06-28,0,2026-06-28T06:00:00Z
ACCT-0101,2026-07-01,93,81,579,12658,3162,2026-07-29,0,2026-07-28T06:00:00Z
ACCT-0101,2026-08-01,94,79,619,16992,3196,2026-08-29,0,2026-08-28T06:00:00Z
ACCT-0101,2026-09-01,95,76,578,16429,3230,2026-09-28,,2026-09-30T06:00:00Z
ACCT-0102,2026-06-01,104,74,422,14097,1872,2026-06-20,0,2026-06-28T06:00:00Z
ACCT-0102,2026-07-01,105,69,453,15532,1890,2026-07-20,0,2026-07-28T06:00:00Z
ACCT-0102,2026-08-01,106,63,367,10889,1908,2026-08-20,0,2026-08-28T06:00:00Z
ACCT-0102,2026-09-01,107,58,368,11057,1926,2026-09-18,,2026-09-30T06:00:00Z
ACCT-0103,2026-06-01,116,60,346,10355,6612,2026-06-12,0,2026-06-28T06:00:00Z
ACCT-0103,2026-07-01,117,53,295,10037,6669,2026-07-12,1,2026-07-28T06:00:00Z
ACCT-0103,2026-08-01,118,46,225,8110,6726,2026-08-11,1,2026-08-28T06:00:00Z
ACCT-0103,2026-09-01,112,36,184,4964,6384,2026-09-08,,2026-09-30T06:00:00Z
ACCT-0104,2026-06-01,128,113,758,27304,4352,2026-06-26,0,2026-06-28T06:00:00Z
ACCT-0104,2026-07-01,129,107,682,22582,4386,2026-07-26,0,2026-07-28T06:00:00Z
ACCT-0104,2026-08-01,123,96,754,27547,4182,2026-08-26,0,2026-08-28T06:00:00Z
ACCT-0104,2026-09-01,124,91,642,25485,4216,2026-09-25,,2026-09-30T06:00:00Z
ACCT-0105,2026-06-01,140,95,548,21861,2520,2026-06-18,0,2026-06-28T06:00:00Z
ACCT-0105,2026-07-01,134,82,439,21154,2412,2026-07-18,0,2026-07-28T06:00:00Z
ACCT-0105,2026-08-01,135,73,409,16230,2430,2026-08-17,0,2026-08-28T06:00:00Z
ACCT-0105,2026-09-01,136,64,342,11477,2448,2026-09-15,,2026-09-30T06:00:00Z
ACCT-0106,2026-06-01,145,68,284,4737,8265,2026-06-10,1,2026-06-28T06:00:00Z
ACCT-0106,2026-07-01,146,59,237,3754,8322,2026-07-09,1,2026-07-28T06:00:00Z
ACCT-0106,2026-08-01,147,49,255,5544,8379,2026-08-08,1,2026-08-28T06:00:00Z
ACCT-0106,2026-09-01,148,39,164,3536,8436,2026-09-05,,2026-09-30T06:00:00Z
ACCT-0107,2026-06-01,12,10,62,1045,408,2026-06-23,0,2026-06-28T06:00:00Z
ACCT-0107,2026-07-01,13,10,74,1978,442,2026-07-24,0,2026-07-28T06:00:00Z
ACCT-0107,2026-08-01,14,10,74,1278,476,2026-08-23,0,2026-08-28T06:00:00Z
ACCT-0107,2026-09-01,15,10,73,1988,510,2026-09-22,,2026-09-30T06:00:00Z
ACCT-0108,2026-06-01,24,15,82,1844,432,2026-06-16,0,2026-06-28T06:00:00Z
ACCT-0108,2026-07-01,25,14,87,1870,450,2026-07-15,0,2026-07-28T06:00:00Z
ACCT-0108,2026-08-01,26,12,66,1611,468,2026-08-14,0,2026-08-28T06:00:00Z
ACCT-0108,2026-09-01,27,11,55,1403,486,2026-09-12,,2026-09-30T06:00:00Z
ACCT-0109,2026-06-01,36,15,62,1620,648,2026-06-08,1,2026-06-28T06:00:00Z
ACCT-0109,2026-07-01,37,13,59,2211,666,2026-07-07,1,2026-07-28T06:00:00Z
ACCT-0109,2026-08-01,38,10,46,1177,684,2026-08-05,1,2026-08-28T06:00:00Z
ACCT-0109,2026-09-01,39,8,32,1166,702,2026-09-02,,2026-09-30T06:00:00Z
ACCT-0110,2026-06-01,48,37,246,9276,2736,2026-06-21,0,2026-06-28T06:00:00Z
ACCT-0110,2026-07-01,49,34,195,4974,2793,2026-07-21,0,2026-07-28T06:00:00Z
ACCT-0110,2026-08-01,50,31,203,5894,2850,2026-08-21,0,2026-08-28T06:00:00Z
ACCT-0110,2026-09-01,44,24,150,4816,2508,2026-09-19,,2026-09-30T06:00:00Z
ACCT-0111,2026-06-01,60,33,154,5990,2040,2026-06-13,0,2026-06-28T06:00:00Z
ACCT-0111,2026-07-01,61,29,147,6375,2074,2026-07-13,0,2026-07-28T06:00:00Z
ACCT-0111,2026-08-01,55,22,118,4156,1870,2026-08-11,0,2026-08-28T06:00:00Z
ACCT-0111,2026-09-01,56,18,87,3647,1904,2026-09-09,,2026-09-30T06:00:00Z
ACCT-0112,2026-06-01,72,65,490,17783,1296,2026-06-27,0,2026-06-28T06:00:00Z
ACCT-0112,2026-07-01,66,55,399,20615,1188,2026-07-27,0,2026-07-28T06:00:00Z
ACCT-0112,2026-08-01,67,52,349,13053,1206,2026-08-27,0,2026-08-28T06:00:00Z
ACCT-0112,2026-09-01,68,48,365,15826,1224,2026-09-26,,2026-09-30T06:00:00Z
ACCT-0113,2026-06-01,77,52,355,6874,4389,2026-06-19,0,2026-06-28T06:00:00Z
ACCT-0113,2026-07-01,78,47,269,4612,4446,2026-07-19,0,2026-07-28T06:00:00Z
ACCT-0113,2026-08-01,79,42,261,5488,4503,2026-08-18,0,2026-08-28T06:00:00Z
ACCT-0113,2026-09-01,80,37,247,4128,4560,2026-09-16,,2026-09-30T06:00:00Z
ACCT-0114,2026-06-01,89,41,218,4741,3026,2026-06-11,1,2026-06-28T06:00:00Z
ACCT-0114,2026-07-01,90,36,204,4746,3060,2026-07-10,1,2026-07-28T06:00:00Z
ACCT-0114,2026-08-01,91,30,169,4611,3094,2026-08-09,1,2026-08-28T06:00:00Z
ACCT-0114,2026-09-01,92,24,104,2369,3128,2026-09-06,,2026-09-30T06:00:00Z
ACCT-0115,2026-06-01,101,81,616,13907,1818,2026-06-24,0,2026-06-28T06:00:00Z
ACCT-0115,2026-07-01,102,75,558,11391,1836,2026-07-25,0,2026-07-28T06:00:00Z
ACCT-0115,2026-08-01,103,69,476,11257,1854,2026-08-25,0,2026-08-28T06:00:00Z
ACCT-0115,2026-09-01,104,63,418,8156,1872,2026-09-23,,2026-09-30T06:00:00Z
ACCT-0116,2026-06-01,113,67,389,10427,6441,2026-06-16,0,2026-06-28T06:00:00Z
ACCT-0116,2026-07-01,114,59,315,9433,6498,2026-07-16,0,2026-07-28T06:00:00Z
ACCT-0116,2026-08-01,115,52,339,12145,6555,2026-08-15,0,2026-08-28T06:00:00Z
ACCT-0116,2026-09-01,116,44,225,8127,6612,2026-09-13,,2026-09-30T06:00:00Z
ACCT-0117,2026-06-01,125,48,242,7844,4250,2026-06-09,1,2026-06-28T06:00:00Z
ACCT-0117,2026-07-01,126,41,174,7173,4284,2026-07-08,1,2026-07-28T06:00:00Z
ACCT-0117,2026-08-01,127,34,177,7244,4318,2026-08-06,1,2026-08-28T06:00:00Z
ACCT-0117,2026-09-01,121,25,128,4111,4114,2026-09-03,,2026-09-30T06:00:00Z
ACCT-0118,2026-06-01,137,98,716,24857,4658,2026-06-22,0,2026-06-28T06:00:00Z
ACCT-0118,2026-07-01,138,90,597,18197,4692,2026-07-22,0,2026-07-28T06:00:00Z
ACCT-0118,2026-08-01,132,78,470,17163,4488,2026-08-22,0,2026-08-28T06:00:00Z
ACCT-0118,2026-09-01,133,71,450,14614,4522,2026-09-20,,2026-09-30T06:00:00Z
ACCT-0119,2026-06-01,149,77,401,14275,2682,2026-06-14,0,2026-06-28T06:00:00Z
ACCT-0119,2026-07-01,143,65,354,16771,2574,2026-07-14,0,2026-07-28T06:00:00Z
ACCT-0119,2026-08-01,144,56,311,15944,2592,2026-08-13,0,2026-08-28T06:00:00Z
ACCT-0119,2026-09-01,145,47,223,9455,2610,2026-09-10,,2026-09-30T06:00:00Z
ACCT-0120,2026-06-01,9,8,64,1065,513,2026-06-27,0,2026-06-28T06:00:00Z
ACCT-0120,2026-07-01,10,8,63,1341,570,2026-07-28,0,2026-07-28T06:00:00Z
ACCT-0120,2026-08-01,11,8,64,1349,627,2026-08-28,0,2026-08-28T06:00:00Z
ACCT-0120,2026-09-01,12,9,73,1638,684,2026-09-27,,2026-09-30T06:00:00Z
ACCT-0121,2026-06-01,21,14,81,2190,714,2026-06-20,0,2026-06-28T06:00:00Z
ACCT-0121,2026-07-01,22,13,76,1860,748,2026-07-20,0,2026-07-28T06:00:00Z
ACCT-0121,2026-08-01,23,12,74,1723,782,2026-08-19,0,2026-08-28T06:00:00Z
ACCT-0121,2026-09-01,24,11,76,1785,816,2026-09-17,,2026-09-30T06:00:00Z
ACCT-0122,2026-06-01,33,15,69,1855,594,2026-06-12,1,2026-06-28T06:00:00Z
ACCT-0122,2026-07-01,34,14,68,1834,612,2026-07-11,1,2026-07-28T06:00:00Z
ACCT-0122,2026-08-01,35,12,62,1286,630,2026-08-10,1,2026-08-28T06:00:00Z
ACCT-0122,2026-09-01,36,10,54,1720,648,2026-09-07,,2026-09-30T06:00:00Z
ACCT-0123,2026-06-01,45,36,262,8254,2565,2026-06-25,0,2026-06-28T06:00:00Z
ACCT-0123,2026-07-01,46,34,242,8851,2622,2026-07-26,0,2026-07-28T06:00:00Z
ACCT-0123,2026-08-01,47,33,210,4891,2679,2026-08-25,0,2026-08-28T06:00:00Z
ACCT-0123,2026-09-01,48,32,217,6889,2736,2026-09-24,,2026-09-30T06:00:00Z
ACCT-0124,2026-06-01,57,35,212,7494,1938,2026-06-17,0,2026-06-28T06:00:00Z
ACCT-0124,2026-07-01,58,32,178,4865,1972,2026-07-17,0,2026-07-28T06:00:00Z
ACCT-0124,2026-08-01,59,29,172,6151,2006,2026-08-16,0,2026-08-28T06:00:00Z
ACCT-0124,2026-09-01,53,23,119,3036,1802,2026-09-14,,2026-09-30T06:00:00Z
ACCT-0125,2026-06-01,69,29,154,6685,1242,2026-06-10,1,2026-06-28T06:00:00Z
ACCT-0125,2026-07-01,70,25,98,4626,1260,2026-07-09,1,2026-07-28T06:00:00Z
ACCT-0125,2026-08-01,64,19,96,3000,1152,2026-08-07,1,2026-08-28T06:00:00Z
ACCT-0125,2026-09-01,65,16,88,3729,1170,2026-09-04,,2026-09-30T06:00:00Z
ACCT-0126,2026-06-01,81,62,415,19186,4617,2026-06-23,0,2026-06-28T06:00:00Z
ACCT-0126,2026-07-01,75,54,339,12227,4275,2026-07-23,0,2026-07-28T06:00:00Z
ACCT-0126,2026-08-01,76,51,353,12588,4332,2026-08-23,0,2026-08-28T06:00:00Z
ACCT-0126,2026-09-01,77,47,346,15486,4389,2026-09-21,,2026-09-30T06:00:00Z
ACCT-0127,2026-06-01,86,49,298,4766,4902,2026-06-15,0,2026-06-28T06:00:00Z
ACCT-0127,2026-07-01,87,45,230,5167,4959,2026-07-15,0,2026-07-28T06:00:00Z
ACCT-0127,2026-08-01,88,40,244,4106,5016,2026-08-13,0,2026-08-28T06:00:00Z
ACCT-0127,2026-09-01,89,34,209,3964,5073,2026-09-11,,2026-09-30T06:00:00Z
ACCT-0128,2026-06-01,98,37,139,2405,3332,2026-06-07,1,2026-06-28T06:00:00Z
ACCT-0128,2026-07-01,99,31,140,3635,3366,2026-07-06,1,2026-07-28T06:00:00Z
ACCT-0128,2026-08-01,100,26,132,3448,3400,2026-08-04,1,2026-08-28T06:00:00Z
ACCT-0128,2026-09-01,101,20,80,1987,3434,2026-09-01,,2026-09-30T06:00:00Z
ACCT-0129,2026-06-01,110,81,486,12930,1980,2026-06-20,0,2026-06-28T06:00:00Z
ACCT-0129,2026-07-01,111,75,504,11210,1998,2026-07-21,0,2026-07-28T06:00:00Z
ACCT-0129,2026-08-01,112,69,444,13152,2016,2026-08-20,0,2026-08-28T06:00:00Z
ACCT-0129,2026-09-01,113,62,418,13573,2034,2026-09-18,,2026-09-30T06:00:00Z
ACCT-0130,2026-06-01,122,65,370,9217,6954,2026-06-13,0,2026-06-28T06:00:00Z
ACCT-0130,2026-07-01,123,57,314,7629,7011,2026-07-12,1,2026-07-28T06:00:00Z
ACCT-0130,2026-08-01,124,49,222,7232,7068,2026-08-11,1,2026-08-28T06:00:00Z
ACCT-0130,2026-09-01,125,41,218,5613,7125,2026-09-08,,2026-09-30T06:00:00Z
ACCT-0131,2026-06-01,134,121,817,34023,4556,2026-06-26,0,2026-06-28T06:00:00Z
ACCT-0131,2026-07-01,135,115,860,30087,4590,2026-07-27,0,2026-07-28T06:00:00Z
ACCT-0131,2026-08-01,136,108,787,26116,4624,2026-08-27,0,2026-08-28T06:00:00Z
ACCT-0131,2026-09-01,130,96,654,22656,4420,2026-09-25,,2026-09-30T06:00:00Z
ACCT-0132,2026-06-01,146,101,629,18478,2628,2026-06-18,0,2026-06-28T06:00:00Z
ACCT-0132,2026-07-01,147,91,605,17697,2646,2026-07-18,0,2026-07-28T06:00:00Z
ACCT-0132,2026-08-01,141,77,421,15031,2538,2026-08-17,0,2026-08-28T06:00:00Z
ACCT-0132,2026-09-01,142,68,460,15555,2556,2026-09-15,,2026-09-30T06:00:00Z
ACCT-0133,2026-06-01,13,6,32,1368,741,2026-06-10,1,2026-06-28T06:00:00Z
ACCT-0133,2026-07-01,7,3,12,502,399,2026-07-10,1,2026-07-28T06:00:00Z
ACCT-0133,2026-08-01,8,3,13,544,456,2026-08-08,1,2026-08-28T06:00:00Z
ACCT-0133,2026-09-01,9,2,8,329,513,2026-09-05,,2026-09-30T06:00:00Z
ACCT-0134,2026-06-01,18,15,101,2154,612,2026-06-24,0,2026-06-28T06:00:00Z
ACCT-0134,2026-07-01,19,15,107,1821,646,2026-07-24,0,2026-07-28T06:00:00Z
ACCT-0134,2026-08-01,20,14,96,1928,680,2026-08-24,0,2026-08-28T06:00:00Z
ACCT-0134,2026-09-01,21,13,91,1363,714,2026-09-22,,2026-09-30T06:00:00Z
ACCT-0135,2026-06-01,30,19,113,3087,540,2026-06-16,0,2026-06-28T06:00:00Z
ACCT-0135,2026-07-01,31,17,86,1980,558,2026-07-16,0,2026-07-28T06:00:00Z
ACCT-0135,2026-08-01,32,15,95,2346,576,2026-08-15,0,2026-08-28T06:00:00Z
ACCT-0135,2026-09-01,33,13,66,1259,594,2026-09-12,,2026-09-30T06:00:00Z
ACCT-0136,2026-06-01,42,17,79,1802,756,2026-06-08,1,2026-06-28T06:00:00Z
ACCT-0136,2026-07-01,43,15,56,1370,774,2026-07-07,1,2026-07-28T06:00:00Z
ACCT-0136,2026-08-01,44,12,54,1431,792,2026-08-05,1,2026-08-28T06:00:00Z
ACCT-0136,2026-09-01,45,9,40,845,810,2026-09-02,,2026-09-30T06:00:00Z
ACCT-0137,2026-06-01,54,41,240,5620,3078,2026-06-21,0,2026-06-28T06:00:00Z
ACCT-0137,2026-07-01,55,38,251,7647,3135,2026-07-22,0,2026-07-28T06:00:00Z
ACCT-0137,2026-08-01,56,34,218,6867,3192,2026-08-21,0,2026-08-28T06:00:00Z
ACCT-0137,2026-09-01,57,31,183,5656,3249,2026-09-19,,2026-09-30T06:00:00Z
ACCT-0138,2026-06-01,66,36,167,5777,2244,2026-06-14,0,2026-06-28T06:00:00Z
ACCT-0138,2026-07-01,67,31,178,4797,2278,2026-07-13,0,2026-07-28T06:00:00Z
ACCT-0138,2026-08-01,68,27,158,4622,2312,2026-08-12,0,2026-08-28T06:00:00Z
ACCT-0138,2026-09-01,62,20,105,4343,2108,2026-09-09,,2026-09-30T06:00:00Z
ACCT-0139,2026-06-01,78,69,505,18194,1404,2026-06-27,0,2026-06-28T06:00:00Z
ACCT-0139,2026-07-01,79,65,510,19591,1422,2026-07-28,0,2026-07-28T06:00:00Z
ACCT-0139,2026-08-01,73,55,376,11943,1314,2026-08-27,0,2026-08-28T06:00:00Z
ACCT-0139,2026-09-01,74,52,378,17297,1332,2026-09-26,,2026-09-30T06:00:00Z
ACCT-0140,2026-06-01,90,60,352,11686,5130,2026-06-19,0,2026-06-28T06:00:00Z
ACCT-0140,2026-07-01,84,50,287,9488,4788,2026-07-19,0,2026-07-28T06:00:00Z
ACCT-0140,2026-08-01,85,44,301,11235,4845,2026-08-18,0,2026-08-28T06:00:00Z
ACCT-0140,2026-09-01,86,39,208,7911,4902,2026-09-16,,2026-09-30T06:00:00Z
ACCT-0141,2026-06-01,95,44,238,3539,3230,2026-06-11,1,2026-06-28T06:00:00Z
ACCT-0141,2026-07-01,96,37,170,2940,3264,2026-07-11,1,2026-07-28T06:00:00Z
ACCT-0141,2026-08-01,97,31,157,2850,3298,2026-08-09,1,2026-08-28T06:00:00Z
ACCT-0141,2026-09-01,98,25,119,2076,3332,2026-09-06,,2026-09-30T06:00:00Z
ACCT-0142,2026-06-01,107,84,625,11605,1926,2026-06-24,0,2026-06-28T06:00:00Z
ACCT-0142,2026-07-01,108,78,564,9629,1944,2026-07-25,0,2026-07-28T06:00:00Z
ACCT-0142,2026-08-01,109,72,538,10098,1962,2026-08-25,0,2026-08-28T06:00:00Z
ACCT-0142,2026-09-01,110,67,421,7482,1980,2026-09-23,,2026-09-30T06:00:00Z
ACCT-0143,2026-06-01,119,69,355,7542,6783,2026-06-17,0,2026-06-28T06:00:00Z
ACCT-0143,2026-07-01,120,62,309,9641,6840,2026-07-17,0,2026-07-28T06:00:00Z
ACCT-0143,2026-08-01,121,54,303,9105,6897,2026-08-15,0,2026-08-28T06:00:00Z
ACCT-0143,2026-09-01,122,47,303,6289,6954,2026-09-13,,2026-09-30T06:00:00Z
ACCT-0144,2026-06-01,131,51,226,7315,4454,2026-06-09,1,2026-06-28T06:00:00Z
ACCT-0144,2026-07-01,132,43,209,5940,4488,2026-07-08,1,2026-07-28T06:00:00Z
ACCT-0144,2026-08-01,133,36,163,4716,4522,2026-08-06,1,2026-08-28T06:00:00Z
ACCT-0144,2026-09-01,134,28,146,4236,4556,2026-09-03,,2026-09-30T06:00:00Z
ACCT-0145,2026-06-01,143,102,652,19129,4862,2026-06-22,0,2026-06-28T06:00:00Z
ACCT-0145,2026-07-01,144,94,651,26882,4896,2026-07-23,0,2026-07-28T06:00:00Z
ACCT-0145,2026-08-01,145,87,514,21035,4930,2026-08-22,0,2026-08-28T06:00:00Z
ACCT-0145,2026-09-01,139,76,562,17443,4726,2026-09-20,,2026-09-30T06:00:00Z
ACCT-0146,2026-06-01,10,5,29,833,180,2026-06-14,0,2026-06-28T06:00:00Z
ACCT-0146,2026-07-01,11,5,28,835,198,2026-07-14,0,2026-07-28T06:00:00Z
ACCT-0146,2026-08-01,5,2,12,514,90,2026-08-13,1,2026-08-28T06:00:00Z
ACCT-0146,2026-09-01,6,2,11,430,108,2026-09-10,,2026-09-30T06:00:00Z
ACCT-0147,2026-06-01,22,19,141,7137,1254,2026-06-28,0,2026-06-28T06:00:00Z
ACCT-0147,2026-07-01,16,13,87,3426,912,2026-07-29,0,2026-07-28T06:00:00Z
ACCT-0147,2026-08-01,17,13,88,3574,969,2026-08-29,0,2026-08-28T06:00:00Z
ACCT-0147,2026-09-01,18,13,89,3004,1026,2026-09-27,,2026-09-30T06:00:00Z
ACCT-0148,2026-06-01,27,18,116,2049,918,2026-06-20,0,2026-06-28T06:00:00Z
ACCT-0148,2026-07-01,28,17,94,1560,952,2026-07-20,0,2026-07-28T06:00:00Z
ACCT-0148,2026-08-01,29,16,100,1493,986,2026-08-19,0,2026-08-28T06:00:00Z
ACCT-0148,2026-09-01,30,15,89,1429,1020,2026-09-17,,2026-09-30T06:00:00Z
ACCT-0149,2026-06-01,39,18,81,1761,702,2026-06-12,1,2026-06-28T06:00:00Z
ACCT-0149,2026-07-01,40,17,87,2031,720,2026-07-12,1,2026-07-28T06:00:00Z
ACCT-0149,2026-08-01,41,15,74,1867,738,2026-08-10,1,2026-08-28T06:00:00Z
ACCT-0149,2026-09-01,42,12,65,1209,756,2026-09-07,,2026-09-30T06:00:00Z
ACCT-0150,2026-06-01,51,42,272,5473,2907,2026-06-25,0,2026-06-28T06:00:00Z
ACCT-0150,2026-07-01,52,40,259,8286,2964,2026-07-26,0,2026-07-28T06:00:00Z
ACCT-0150,2026-08-01,53,39,281,6938,3021,2026-08-26,0,2026-08-28T06:00:00Z
ACCT-0150,2026-09-01,54,37,241,5091,3078,2026-09-24,,2026-09-30T06:00:00Z
ACCT-0151,2026-06-01,63,40,227,5492,2142,2026-06-18,0,2026-06-28T06:00:00Z
ACCT-0151,2026-07-01,64,36,230,8160,2176,2026-07-17,0,2026-07-28T06:00:00Z
ACCT-0151,2026-08-01,65,33,186,6899,2210,2026-08-17,0,2026-08-28T06:00:00Z
ACCT-0151,2026-09-01,66,30,160,5714,2244,2026-09-14,,2026-09-30T06:00:00Z
ACCT-0152,2026-06-01,75,32,150,6218,1350,2026-06-10,1,2026-06-28T06:00:00Z
ACCT-0152,2026-07-01,76,29,127,4246,1368,2026-07-09,1,2026-07-28T06:00:00Z
ACCT-0152,2026-08-01,77,24,112,4308,1386,2026-08-07,1,2026-08-28T06:00:00Z
ACCT-0152,2026-09-01,71,18,95,3647,1278,2026-09-05,,2026-09-30T06:00:00Z
ACCT-0153,2026-06-01,87,69,462,14733,4959,2026-06-23,0,2026-06-28T06:00:00Z
ACCT-0153,2026-07-01,88,65,466,16466,5016,2026-07-23,0,2026-07-28T06:00:00Z
ACCT-0153,2026-08-01,82,56,376,13150,4674,2026-08-23,0,2026-08-28T06:00:00Z
ACCT-0153,2026-09-01,83,52,373,13540,4731,2026-09-22,,2026-09-30T06:00:00Z
ACCT-0154,2026-06-01,99,59,367,15817,5643,2026-06-15,0,2026-06-28T06:00:00Z
ACCT-0154,2026-07-01,93,49,294,11996,5301,2026-07-15,0,2026-07-28T06:00:00Z
ACCT-0154,2026-08-01,94,44,248,12937,5358,2026-08-14,0,2026-08-28T06:00:00Z
ACCT-0154,2026-09-01,95,37,227,9592,5415,2026-09-12,,2026-09-30T06:00:00Z
ACCT-0155,2026-06-01,104,40,183,3688,3536,2026-06-07,1,2026-06-28T06:00:00Z
ACCT-0155,2026-07-01,105,35,162,2750,3570,2026-07-06,1,2026-07-28T06:00:00Z
ACCT-0155,2026-08-01,106,28,102,1892,3604,2026-08-05,1,2026-08-28T06:00:00Z
ACCT-0155,2026-09-01,107,22,109,1945,3638,2026-09-02,,2026-09-30T06:00:00Z
ACCT-0156,2026-06-01,116,88,615,10664,2088,2026-06-21,0,2026-06-28T06:00:00Z
ACCT-0156,2026-07-01,117,81,490,10202,2106,2026-07-21,0,2026-07-28T06:00:00Z
ACCT-0156,2026-08-01,118,74,423,10172,2124,2026-08-20,0,2026-08-28T06:00:00Z
ACCT-0156,2026-09-01,119,66,405,8626,2142,2026-09-19,,2026-09-30T06:00:00Z
ACCT-0157,2026-06-01,128,70,409,11221,7296,2026-06-13,0,2026-06-28T06:00:00Z
ACCT-0157,2026-07-01,129,61,336,8249,7353,2026-07-12,0,2026-07-28T06:00:00Z
ACCT-0157,2026-08-01,130,52,301,8820,7410,2026-08-11,0,2026-08-28T06:00:00Z
ACCT-0157,2026-09-01,131,43,223,4351,7467,2026-09-09,,2026-09-30T06:00:00Z
ACCT-0158,2026-06-01,140,128,841,26168,4760,2026-06-26,0,2026-06-28T06:00:00Z
ACCT-0158,2026-07-01,141,121,945,27777,4794,2026-07-27,0,2026-07-28T06:00:00Z
ACCT-0158,2026-08-01,142,113,881,23246,4828,2026-08-27,0,2026-08-28T06:00:00Z
ACCT-0158,2026-09-01,143,105,683,16323,4862,2026-09-26,,2026-09-30T06:00:00Z
ACCT-0159,2026-06-01,152,106,603,19259,2736,2026-06-18,0,2026-06-28T06:00:00Z
ACCT-0159,2026-07-01,153,95,583,20571,2754,2026-07-18,0,2026-07-28T06:00:00Z
ACCT-0159,2026-08-01,154,84,519,20359,2772,2026-08-17,0,2026-08-28T06:00:00Z
ACCT-0159,2026-09-01,148,70,460,16373,2664,2026-09-16,,2026-09-30T06:00:00Z
ACCT-0160,2026-06-01,19,9,44,2083,1083,2026-06-11,1,2026-06-28T06:00:00Z
ACCT-0160,2026-07-01,20,8,41,1801,1140,2026-07-10,1,2026-07-28T06:00:00Z
ACCT-0160,2026-08-01,14,5,22,950,798,2026-08-08,1,2026-08-28T06:00:00Z
ACCT-0160,2026-09-01,15,4,20,692,855,2026-09-06,,2026-09-30T06:00:00Z
ACCT-0161,2026-06-01,31,26,174,7431,1054,2026-06-24,0,2026-06-28T06:00:00Z
ACCT-0161,2026-07-01,25,19,134,4277,850,2026-07-24,0,2026-07-28T06:00:00Z
ACCT-0161,2026-08-01,26,18,117,5533,884,2026-08-24,0,2026-08-28T06:00:00Z
ACCT-0161,2026-09-01,27,17,124,4624,918,2026-09-23,,2026-09-30T06:00:00Z
ACCT-0162,2026-06-01,36,22,139,2765,648,2026-06-16,0,2026-06-28T06:00:00Z
ACCT-0162,2026-07-01,37,20,116,2604,666,2026-07-16,0,2026-07-28T06:00:00Z
ACCT-0162,2026-08-01,38,18,100,1431,684,2026-08-15,0,2026-08-28T06:00:00Z
ACCT-0162,2026-09-01,39,15,85,1507,702,2026-09-13,,2026-09-30T06:00:00Z
ACCT-0163,2026-06-01,48,19,73,1551,864,2026-06-08,1,2026-06-28T06:00:00Z
ACCT-0163,2026-07-01,49,16,59,1496,882,2026-07-07,1,2026-07-28T06:00:00Z
ACCT-0163,2026-08-01,50,13,51,1033,900,2026-08-05,1,2026-08-28T06:00:00Z
ACCT-0163,2026-09-01,51,11,57,1465,918,2026-09-03,,2026-09-30T06:00:00Z
ACCT-0164,2026-06-01,60,45,301,8875,3420,2026-06-21,0,2026-06-28T06:00:00Z
ACCT-0164,2026-07-01,61,41,270,7386,3477,2026-07-22,0,2026-07-28T06:00:00Z
ACCT-0164,2026-08-01,62,37,236,5402,3534,2026-08-21,0,2026-08-28T06:00:00Z
ACCT-0164,2026-09-01,63,34,194,6036,3591,2026-09-20,,2026-09-30T06:00:00Z
ACCT-0165,2026-06-01,72,38,203,6036,2448,2026-06-14,0,2026-06-28T06:00:00Z
ACCT-0165,2026-07-01,73,33,191,4811,2482,2026-07-13,0,2026-07-28T06:00:00Z
ACCT-0165,2026-08-01,74,29,132,3115,2516,2026-08-12,0,2026-08-28T06:00:00Z
ACCT-0165,2026-09-01,75,24,121,4059,2550,2026-09-10,,2026-09-30T06:00:00Z
ACCT-0166,2026-06-01,84,72,549,21430,1512,2026-06-27,0,2026-06-28T06:00:00Z
ACCT-0166,2026-07-01,85,68,543,14212,1530,2026-07-28,0,2026-07-28T06:00:00Z
ACCT-0166,2026-08-01,86,64,472,17903,1548,2026-08-28,0,2026-08-28T06:00:00Z
ACCT-0166,2026-09-01,80,56,448,18822,1440,2026-09-27,,2026-09-30T06:00:00Z
ACCT-0167,2026-06-01,96,63,348,14820,5472,2026-06-19,0,2026-06-28T06:00:00Z
ACCT-0167,2026-07-01,97,57,335,10231,5529,2026-07-19,0,2026-07-28T06:00:00Z
ACCT-0167,2026-08-01,91,47,275,13047,5187,2026-08-19,0,2026-08-28T06:00:00Z
ACCT-0167,2026-09-01,92,42,242,7610,5244,2026-09-17,,2026-09-30T06:00:00Z
ACCT-0168,2026-06-01,108,49,209,9852,3672,2026-06-11,0,2026-06-28T06:00:00Z
ACCT-0168,2026-07-01,102,40,223,9642,3468,2026-07-11,1,2026-07-28T06:00:00Z
ACCT-0168,2026-08-01,103,33,184,6223,3502,2026-08-09,1,2026-08-28T06:00:00Z
ACCT-0168,2026-09-01,104,27,153,5355,3536,2026-09-07,,2026-09-30T06:00:00Z
ACCT-0169,2026-06-01,113,88,641,11094,2034,2026-06-25,0,2026-06-28T06:00:00Z
ACCT-0169,2026-07-01,114,82,554,10268,2052,2026-07-25,0,2026-07-28T06:00:00Z
ACCT-0169,2026-08-01,115,77,596,8708,2070,2026-08-25,0,2026-08-28T06:00:00Z
ACCT-0169,2026-09-01,116,72,492,9096,2088,2026-09-24,,2026-09-30T06:00:00Z
ACCT-0170,2026-06-01,125,73,478,8975,7125,2026-06-17,0,2026-06-28T06:00:00Z
ACCT-0170,2026-07-01,126,65,402,7943,7182,2026-07-17,0,2026-07-28T06:00:00Z
ACCT-0170,2026-08-01,127,58,341,6455,7239,2026-08-16,0,2026-08-28T06:00:00Z
ACCT-0170,2026-09-01,128,51,292,7056,7296,2026-09-14,,2026-09-30T06:00:00Z
ACCT-0171,2026-06-01,137,53,231,6035,4658,2026-06-09,1,2026-06-28T06:00:00Z
ACCT-0171,2026-07-01,138,46,233,6575,4692,2026-07-08,1,2026-07-28T06:00:00Z
ACCT-0171,2026-08-01,139,38,166,4188,4726,2026-08-06,1,2026-08-28T06:00:00Z
ACCT-0171,2026-09-01,140,31,154,3465,4760,2026-09-04,,2026-09-30T06:00:00Z
ACCT-0172,2026-06-01,149,107,747,23274,5066,2026-06-22,0,2026-06-28T06:00:00Z
ACCT-0172,2026-07-01,150,100,656,23343,5100,2026-07-23,0,2026-07-28T06:00:00Z
ACCT-0172,2026-08-01,151,93,571,16824,5134,2026-08-22,0,2026-08-28T06:00:00Z
ACCT-0172,2026-09-01,152,86,556,19186,5168,2026-09-21,,2026-09-30T06:00:00Z
ACCT-0173,2026-06-01,16,8,37,1418,288,2026-06-15,0,2026-06-28T06:00:00Z
ACCT-0173,2026-07-01,17,8,47,1737,306,2026-07-14,0,2026-07-28T06:00:00Z
ACCT-0173,2026-08-01,18,7,39,1398,324,2026-08-13,0,2026-08-28T06:00:00Z
ACCT-0173,2026-09-01,12,4,25,963,216,2026-09-11,,2026-09-30T06:00:00Z
ACCT-0174,2026-06-01,28,24,195,7729,1596,2026-06-28,0,2026-06-28T06:00:00Z
ACCT-0174,2026-07-01,29,24,177,6839,1653,2026-07-29,0,2026-07-28T06:00:00Z
ACCT-0174,2026-08-01,23,18,136,6052,1311,2026-08-29,0,2026-08-28T06:00:00Z
ACCT-0174,2026-09-01,24,18,142,5979,1368,2026-09-28,,2026-09-30T06:00:00Z
ACCT-0175,2026-06-01,40,27,177,8832,1360,2026-06-20,0,2026-06-28T06:00:00Z
ACCT-0175,2026-07-01,34,21,133,5302,1156,2026-07-20,0,2026-07-28T06:00:00Z
ACCT-0175,2026-08-01,35,20,113,4194,1190,2026-08-19,0,2026-08-28T06:00:00Z
ACCT-0175,2026-09-01,36,19,117,4100,1224,2026-09-18,,2026-09-30T06:00:00Z
ACCT-0176,2026-06-01,45,22,100,1720,810,2026-06-12,1,2026-06-28T06:00:00Z
ACCT-0176,2026-07-01,46,20,98,1715,828,2026-07-12,1,2026-07-28T06:00:00Z
ACCT-0176,2026-08-01,47,17,77,1208,846,2026-08-10,1,2026-08-28T06:00:00Z
ACCT-0176,2026-09-01,48,15,71,1268,864,2026-09-08,,2026-09-30T06:00:00Z
ACCT-0177,2026-06-01,57,48,376,8947,3249,2026-06-25,0,2026-06-28T06:00:00Z
ACCT-0177,2026-07-01,58,47,349,8017,3306,2026-07-26,0,2026-07-28T06:00:00Z
ACCT-0177,2026-08-01,59,45,338,8335,3363,2026-08-26,0,2026-08-28T06:00:00Z
ACCT-0177,2026-09-01,60,43,330,8642,3420,2026-09-25,,2026-09-30T06:00:00Z
ACCT-0178,2026-06-01,69,45,266,5842,2346,2026-06-18,0,2026-06-28T06:00:00Z
ACCT-0178,2026-07-01,70,41,250,5961,2380,2026-07-18,0,2026-07-28T06:00:00Z
ACCT-0178,2026-08-01,71,38,204,5289,2414,2026-08-17,0,2026-08-28T06:00:00Z
ACCT-0178,2026-09-01,72,33,217,5167,2448,2026-09-15,,2026-09-30T06:00:00Z
ACCT-0179,2026-06-01,81,36,159,5446,1458,2026-06-10,1,2026-06-28T06:00:00Z
ACCT-0179,2026-07-01,82,32,145,4885,1476,2026-07-09,1,2026-07-28T06:00:00Z
ACCT-0179,2026-08-01,83,27,113,3140,1494,2026-08-07,1,2026-08-28T06:00:00Z
ACCT-0179,2026-09-01,84,22,116,3731,1512,2026-09-05,,2026-09-30T06:00:00Z
ACCT-0180,2026-06-01,93,76,508,13664,5301,2026-06-23,0,2026-06-28T06:00:00Z
ACCT-0180,2026-07-01,94,72,455,16933,5358,2026-07-24,0,2026-07-28T06:00:00Z
ACCT-0180,2026-08-01,95,67,506,14308,5415,2026-08-23,0,2026-08-28T06:00:00Z
ACCT-0180,2026-09-01,89,57,423,15418,5073,2026-09-22,,2026-09-30T06:00:00Z
ACCT-0181,2026-06-01,105,64,377,16011,5985,2026-06-15,0,2026-06-28T06:00:00Z
ACCT-0181,2026-07-01,106,57,329,11365,6042,2026-07-15,0,2026-07-28T06:00:00Z
ACCT-0181,2026-08-01,100,47,282,8541,5700,2026-08-14,0,2026-08-28T06:00:00Z
ACCT-0181,2026-09-01,101,40,216,8792,5757,2026-09-12,,2026-09-30T06:00:00Z
ACCT-0182,2026-06-01,117,47,174,6281,3978,2026-06-08,1,2026-06-28T06:00:00Z
ACCT-0182,2026-07-01,111,37,145,7442,3774,2026-07-07,1,2026-07-28T06:00:00Z
ACCT-0182,2026-08-01,112,31,137,6162,3808,2026-08-05,1,2026-08-28T06:00:00Z
ACCT-0182,2026-09-01,113,24,114,4670,3842,2026-09-02,,2026-09-30T06:00:00Z
ACCT-0183,2026-06-01,122,93,602,12364,2196,2026-06-21,0,2026-06-28T06:00:00Z
ACCT-0183,2026-07-01,123,86,576,10074,2214,2026-07-21,0,2026-07-28T06:00:00Z
ACCT-0183,2026-08-01,124,78,528,9401,2232,2026-08-21,0,2026-08-28T06:00:00Z
ACCT-0183,2026-09-01,125,70,420,6316,2250,2026-09-19,,2026-09-30T06:00:00Z
ACCT-0184,2026-06-01,134,74,383,6373,7638,2026-06-13,0,2026-06-28T06:00:00Z
ACCT-0184,2026-07-01,135,64,297,8102,7695,2026-07-13,0,2026-07-28T06:00:00Z
ACCT-0184,2026-08-01,136,55,259,6936,7752,2026-08-11,0,2026-08-28T06:00:00Z
ACCT-0184,2026-09-01,137,45,239,5118,7809,2026-09-09,,2026-09-30T06:00:00Z
ACCT-0185,2026-06-01,146,133,909,21857,4964,2026-06-26,0,2026-06-28T06:00:00Z
ACCT-0185,2026-07-01,147,125,815,24433,4998,2026-07-27,0,2026-07-28T06:00:00Z
ACCT-0185,2026-08-01,148,117,832,25248,5032,2026-08-27,0,2026-08-28T06:00:00Z
ACCT-0185,2026-09-01,149,109,721,16489,5066,2026-09-26,,2026-09-30T06:00:00Z
ACCT-0186,2026-06-01,13,9,59,1663,234,2026-06-19,0,2026-06-28T06:00:00Z
ACCT-0186,2026-07-01,14,9,61,1861,252,2026-07-19,0,2026-07-28T06:00:00Z
ACCT-0186,2026-08-01,15,8,47,1607,270,2026-08-18,0,2026-08-28T06:00:00Z
ACCT-0186,2026-09-01,16,7,45,1413,288,2026-09-16,,2026-09-30T06:00:00Z
ACCT-0187,2026-06-01,25,12,59,1637,1425,2026-06-11,1,2026-06-28T06:00:00Z
ACCT-0187,2026-07-01,26,10,51,1791,1482,2026-07-10,1,2026-07-28T06:00:00Z
ACCT-0187,2026-08-01,27,9,40,1124,1539,2026-08-09,1,2026-08-28T06:00:00Z
ACCT-0187,2026-09-01,21,6,34,953,1197,2026-09-06,,2026-09-30T06:00:00Z
ACCT-0188,2026-06-01,37,30,202,8997,1258,2026-06-24,0,2026-06-28T06:00:00Z
ACCT-0188,2026-07-01,38,29,178,7758,1292,2026-07-25,0,2026-07-28T06:00:00Z
ACCT-0188,2026-08-01,32,22,155,7213,1088,2026-08-24,0,2026-08-28T06:00:00Z
ACCT-0188,2026-09-01,33,20,151,4437,1122,2026-09-23,,2026-09-30T06:00:00Z
ACCT-0189,2026-06-01,49,30,191,7726,882,2026-06-16,0,2026-06-28T06:00:00Z
ACCT-0189,2026-07-01,43,23,127,4458,774,2026-07-16,0,2026-07-28T06:00:00Z
ACCT-0189,2026-08-01,44,20,119,5374,792,2026-08-15,0,2026-08-28T06:00:00Z
ACCT-0189,2026-09-01,0,0,0,0,0,2026-09-13,,2026-09-30T06:00:00Z
ACCT-0190,2026-06-01,54,21,103,1934,972,2026-06-08,1,2026-06-28T06:00:00Z
ACCT-0190,2026-07-01,55,18,86,1260,990,2026-07-08,1,2026-07-28T06:00:00Z
ACCT-0190,2026-08-01,56,15,64,1019,1008,2026-08-06,1,2026-08-28T06:00:00Z
ACCT-0190,2026-09-01,57,12,53,921,1026,2026-09-03,,2026-09-30T06:00:00Z
ACCT-0191,2026-06-01,66,48,283,6144,3762,2026-06-22,0,2026-06-28T06:00:00Z
ACCT-0191,2026-07-01,67,44,263,7179,3819,2026-07-22,0,2026-07-28T06:00:00Z
ACCT-0191,2026-08-01,68,40,264,6618,3876,2026-08-21,0,2026-08-28T06:00:00Z
ACCT-0191,2026-09-01,69,37,264,6219,3933,2026-09-20,,2026-09-30T06:00:00Z
ACCT-0192,2026-06-01,78,41,213,6125,2652,2026-06-14,0,2026-06-28T06:00:00Z
ACCT-0192,2026-07-01,79,36,185,4623,2686,2026-07-14,0,2026-07-28T06:00:00Z
ACCT-0192,2026-08-01,80,31,150,3553,2720,2026-08-12,0,2026-08-28T06:00:00Z
ACCT-0192,2026-09-01,81,26,149,3300,2754,2026-09-10,,2026-09-30T06:00:00Z
ACCT-0193,2026-06-01,90,76,615,20294,1620,2026-06-27,0,2026-06-28T06:00:00Z
ACCT-0193,2026-07-01,91,72,526,18520,1638,2026-07-28,0,2026-07-28T06:00:00Z
ACCT-0193,2026-08-01,92,69,561,13592,1656,2026-08-28,0,2026-08-28T06:00:00Z
ACCT-0193,2026-09-01,93,65,526,15610,1674,2026-09-27,,2026-09-30T06:00:00Z
ACCT-0194,2026-06-01,102,66,407,14441,5814,2026-06-19,0,2026-06-28T06:00:00Z
ACCT-0194,2026-07-01,103,60,395,15067,5871,2026-07-20,0,2026-07-28T06:00:00Z
ACCT-0194,2026-08-01,104,54,292,9658,5928,2026-08-19,0,2026-08-28T06:00:00Z
ACCT-0194,2026-09-01,98,45,279,8277,5586,2026-09-17,,2026-09-30T06:00:00Z
ACCT-0195,2026-06-01,114,52,293,11446,3876,2026-06-12,1,2026-06-28T06:00:00Z
ACCT-0195,2026-07-01,115,45,243,7643,3910,2026-07-11,1,2026-07-28T06:00:00Z
ACCT-0195,2026-08-01,109,36,178,6179,3706,2026-08-09,1,2026-08-28T06:00:00Z
ACCT-0195,2026-09-01,110,30,159,4546,3740,2026-09-07,,2026-09-30T06:00:00Z
ACCT-0196,2026-06-01,126,98,659,29893,2268,2026-06-25,0,2026-06-28T06:00:00Z
ACCT-0196,2026-07-01,120,87,562,24527,2160,2026-07-26,0,2026-07-28T06:00:00Z
ACCT-0196,2026-08-01,121,82,513,19997,2178,2026-08-25,0,2026-08-28T06:00:00Z
ACCT-0196,2026-09-01,122,77,595,22249,2196,2026-09-24,,2026-09-30T06:00:00Z
ACCT-0197,2026-06-01,131,77,423,8293,7467,2026-06-17,0,2026-06-28T06:00:00Z
ACCT-0197,2026-07-01,132,70,435,9548,7524,2026-07-17,0,2026-07-28T06:00:00Z
ACCT-0197,2026-08-01,133,62,343,7017,7581,2026-08-16,0,2026-08-28T06:00:00Z
ACCT-0197,2026-09-01,134,55,358,5810,7638,2026-09-14,,2026-09-30T06:00:00Z
ACCT-0198,2026-06-01,143,57,221,5473,4862,2026-06-09,1,2026-06-28T06:00:00Z
ACCT-0198,2026-07-01,144,49,232,4073,4896,2026-07-09,1,2026-07-28T06:00:00Z
ACCT-0198,2026-08-01,145,42,162,4090,4930,2026-08-07,1,2026-08-28T06:00:00Z
ACCT-0198,2026-09-01,146,34,184,4223,4964,2026-09-04,,2026-09-30T06:00:00Z
ACCT-0199,2026-06-01,10,7,46,1122,340,2026-06-23,0,2026-06-28T06:00:00Z
ACCT-0199,2026-07-01,11,8,55,1567,374,2026-07-23,0,2026-07-28T06:00:00Z
ACCT-0199,2026-08-01,12,8,56,1691,408,2026-08-23,0,2026-08-28T06:00:00Z
ACCT-0199,2026-09-01,13,8,54,1119,442,2026-09-21,,2026-09-30T06:00:00Z
ACCT-0200,2026-06-01,22,12,71,1994,396,2026-06-15,0,2026-06-28T06:00:00Z
ACCT-0200,2026-07-01,23,11,55,1685,414,2026-07-15,0,2026-07-28T06:00:00Z
ACCT-0200,2026-08-01,24,10,50,1538,432,2026-08-13,1,2026-08-28T06:00:00Z
ACCT-0200,2026-09-01,25,9,47,1437,450,2026-09-11,,2026-09-30T06:00:00Z
ACCT-0201,2026-06-01,34,30,243,7513,1938,2026-06-28,0,2026-06-28T06:00:00Z
ACCT-0201,2026-07-01,35,30,207,8066,1995,2026-07-29,0,2026-07-28T06:00:00Z
ACCT-0201,2026-08-01,36,30,235,8811,2052,2026-08-29,0,2026-08-28T06:00:00Z
ACCT-0201,2026-09-01,30,24,174,6173,1710,2026-09-28,,2026-09-30T06:00:00Z
ACCT-0202,2026-06-01,46,32,206,6043,1564,2026-06-20,0,2026-06-28T06:00:00Z
ACCT-0202,2026-07-01,47,31,181,7388,1598,2026-07-20,0,2026-07-28T06:00:00Z
ACCT-0202,2026-08-01,41,24,151,5909,1394,2026-08-20,0,2026-08-28T06:00:00Z
ACCT-0202,2026-09-01,42,22,155,6302,1428,2026-09-18,,2026-09-30T06:00:00Z
ACCT-0203,2026-06-01,58,30,131,4529,1044,2026-06-12,1,2026-06-28T06:00:00Z
ACCT-0203,2026-07-01,52,23,129,6215,936,2026-07-12,1,2026-07-28T06:00:00Z
ACCT-0203,2026-08-01,53,20,108,5283,954,2026-08-11,1,2026-08-28T06:00:00Z
ACCT-0203,2026-09-01,54,17,100,4663,972,2026-09-08,,2026-09-30T06:00:00Z
ACCT-0204,2026-06-01,63,55,382,7141,3591,2026-06-26,0,2026-06-28T06:00:00Z
ACCT-0204,2026-07-01,64,53,341,6881,3648,2026-07-26,0,2026-07-28T06:00:00Z
ACCT-0204,2026-08-01,65,51,398,7131,3705,2026-08-26,0,2026-08-28T06:00:00Z
ACCT-0204,2026-09-01,66,48,368,5429,3762,2026-09-25,,2026-09-30T06:00:00Z
ACCT-0205,2026-06-01,75,50,326,5856,2550,2026-06-18,0,2026-06-28T06:00:00Z
ACCT-0205,2026-07-01,76,46,282,5092,2584,2026-07-18,0,2026-07-28T06:00:00Z
ACCT-0205,2026-08-01,77,42,266,6583,2618,2026-08-17,0,2026-08-28T06:00:00Z
ACCT-0205,2026-09-01,78,37,213,4680,2652,2026-09-15,,2026-09-30T06:00:00Z
ACCT-0206,2026-06-01,87,40,164,4517,1566,2026-06-10,1,2026-06-28T06:00:00Z
ACCT-0206,2026-07-01,88,35,142,3889,1584,2026-07-09,1,2026-07-28T06:00:00Z
ACCT-0206,2026-08-01,89,30,133,3477,1602,2026-08-08,1,2026-08-28T06:00:00Z
ACCT-0206,2026-09-01,90,24,132,3826,1620,2026-09-05,,2026-09-30T06:00:00Z
ACCT-0207,2026-06-01,99,83,592,18014,5643,2026-06-23,0,2026-06-28T06:00:00Z
ACCT-0207,2026-07-01,100,77,517,14734,5700,2026-07-24,0,2026-07-28T06:00:00Z
ACCT-0207,2026-08-01,101,72,469,15844,5757,2026-08-23,0,2026-08-28T06:00:00Z
ACCT-0207,2026-09-01,102,66,497,14063,5814,2026-09-22,,2026-09-30T06:00:00Z
ACCT-0208,2026-06-01,111,69,423,15888,6327,2026-06-16,0,2026-06-28T06:00:00Z
ACCT-0208,2026-07-01,112,61,315,11450,6384,2026-07-15,0,2026-07-28T06:00:00Z
ACCT-0208,2026-08-01,113,54,303,11767,6441,2026-08-14,0,2026-08-28T06:00:00Z
ACCT-0208,2026-09-01,107,43,270,7230,6099,2026-09-12,,2026-09-30T06:00:00Z
ACCT-0209,2026-06-01,123,50,236,10808,4182,2026-06-08,1,2026-06-28T06:00:00Z
ACCT-0209,2026-07-01,124,42,209,9869,4216,2026-07-07,1,2026-07-28T06:00:00Z
ACCT-0209,2026-08-01,118,33,141,4329,4012,2026-08-05,1,2026-08-28T06:00:00Z
ACCT-0209,2026-09-01,119,25,128,3650,4046,2026-09-02,,2026-09-30T06:00:00Z
ACCT-0210,2026-06-01,135,104,677,29812,2430,2026-06-21,0,2026-06-28T06:00:00Z
ACCT-0210,2026-07-01,129,90,634,31560,2322,2026-07-21,0,2026-07-28T06:00:00Z
ACCT-0210,2026-08-01,130,81,483,19364,2340,2026-08-21,0,2026-08-28T06:00:00Z
ACCT-0210,2026-09-01,131,72,422,19265,2358,2026-09-19,,2026-09-30T06:00:00Z
ACCT-0211,2026-06-01,140,77,381,6635,7980,2026-06-13,0,2026-06-28T06:00:00Z
ACCT-0211,2026-07-01,141,67,372,7921,8037,2026-07-13,0,2026-07-28T06:00:00Z
ACCT-0211,2026-08-01,142,57,298,5027,8094,2026-08-11,0,2026-08-28T06:00:00Z
ACCT-0211,2026-09-01,143,47,259,4233,8151,2026-09-09,,2026-09-30T06:00:00Z
ACCT-0212,2026-06-01,7,6,41,687,238,2026-06-27,0,2026-06-28T06:00:00Z
ACCT-0212,2026-07-01,8,7,54,1280,272,2026-07-27,0,2026-07-28T06:00:00Z
ACCT-0212,2026-08-01,9,7,54,1254,306,2026-08-27,0,2026-08-28T06:00:00Z
ACCT-0212,2026-09-01,10,7,52,1303,340,2026-09-26,,2026-09-30T06:00:00Z
ACCT-0213,2026-06-01,19,13,86,2392,342,2026-06-19,0,2026-06-28T06:00:00Z
ACCT-0213,2026-07-01,20,12,79,1747,360,2026-07-19,0,2026-07-28T06:00:00Z
ACCT-0213,2026-08-01,21,11,72,2037,378,2026-08-18,0,2026-08-28T06:00:00Z
ACCT-0213,2026-09-01,22,10,64,1532,396,2026-09-16,,2026-09-30T06:00:00Z
ACCT-0214,2026-06-01,31,15,64,1926,1767,2026-06-11,1,2026-06-28T06:00:00Z
ACCT-0214,2026-07-01,32,13,69,2521,1824,2026-07-10,1,2026-07-28T06:00:00Z
ACCT-0214,2026-08-01,33,11,45,1304,1881,2026-08-09,1,2026-08-28T06:00:00Z
ACCT-0214,2026-09-01,34,9,45,1354,1938,2026-09-06,,2026-09-30T06:00:00Z
ACCT-0215,2026-06-01,43,35,224,8950,1462,2026-06-24,0,2026-06-28T06:00:00Z
ACCT-0215,2026-07-01,44,33,220,8918,1496,2026-07-25,0,2026-07-28T06:00:00Z
ACCT-0215,2026-08-01,45,30,217,6319,1530,2026-08-25,0,2026-08-28T06:00:00Z
ACCT-0215,2026-09-01,39,24,148,6177,1326,2026-09-23,,2026-09-30T06:00:00Z
ACCT-0216,2026-06-01,55,33,193,6962,990,2026-06-16,0,2026-06-28T06:00:00Z
ACCT-0216,2026-07-01,56,29,189,7882,1008,2026-07-16,0,2026-07-28T06:00:00Z
ACCT-0216,2026-08-01,50,23,148,6255,900,2026-08-15,1,2026-08-28T06:00:00Z
ACCT-0216,2026-09-01,51,20,123,5416,918,2026-09-13,,2026-09-30T06:00:00Z
ACCT-0217,2026-06-01,67,26,102,3756,1206,2026-06-09,1,2026-06-28T06:00:00Z
ACCT-0217,2026-07-01,61,20,99,3791,1098,2026-07-08,1,2026-07-28T06:00:00Z
ACCT-0217,2026-08-01,62,17,87,3346,1116,2026-08-06,1,2026-08-28T06:00:00Z
ACCT-0217,2026-09-01,63,13,59,1938,1134,2026-09-03,,2026-09-30T06:00:00Z
ACCT-0218,2026-06-01,72,52,365,5175,4104,2026-06-22,0,2026-06-28T06:00:00Z
ACCT-0218,2026-07-01,73,48,310,5660,4161,2026-07-22,0,2026-07-28T06:00:00Z
ACCT-0218,2026-08-01,74,44,265,5394,4218,2026-08-22,0,2026-08-28T06:00:00Z
ACCT-0218,2026-09-01,75,40,255,3747,4275,2026-09-20,,2026-09-30T06:00:00Z
ACCT-0219,2026-06-01,84,43,262,4403,2856,2026-06-14,0,2026-06-28T06:00:00Z
ACCT-0219,2026-07-01,85,38,235,4838,2890,2026-07-14,0,2026-07-28T06:00:00Z
ACCT-0219,2026-08-01,86,33,189,3616,2924,2026-08-13,0,2026-08-28T06:00:00Z
ACCT-0219,2026-09-01,87,28,161,4293,2958,2026-09-10,,2026-09-30T06:00:00Z
ACCT-0220,2026-06-01,96,81,546,12032,1728,2026-06-27,0,2026-06-28T06:00:00Z
ACCT-0220,2026-07-01,97,77,513,12937,1746,2026-07-28,0,2026-07-28T06:00:00Z
ACCT-0220,2026-08-01,98,74,584,18952,1764,2026-08-28,0,2026-08-28T06:00:00Z
ACCT-0220,2026-09-01,99,70,534,16448,1782,2026-09-27,,2026-09-30T06:00:00Z
ACCT-0221,2026-06-01,108,70,464,11647,6156,2026-06-20,0,2026-06-28T06:00:00Z
ACCT-0221,2026-07-01,109,64,389,11458,6213,2026-07-20,0,2026-07-28T06:00:00Z
ACCT-0221,2026-08-01,110,58,352,11037,6270,2026-08-19,0,2026-08-28T06:00:00Z
ACCT-0221,2026-09-01,111,53,333,7807,6327,2026-09-17,,2026-09-30T06:00:00Z
ACCT-0222,2026-06-01,120,55,294,10360,4080,2026-06-12,1,2026-06-28T06:00:00Z
ACCT-0222,2026-07-01,121,48,205,6680,4114,2026-07-11,0,2026-07-28T06:00:00Z
ACCT-0222,2026-08-01,122,41,193,7031,4148,2026-08-10,1,2026-08-28T06:00:00Z
ACCT-0222,2026-09-01,116,33,192,6165,3944,2026-09-07,,2026-09-30T06:00:00Z
ACCT-0223,2026-06-01,132,104,687,23233,2376,2026-06-25,0,2026-06-28T06:00:00Z
ACCT-0223,2026-07-01,133,99,647,19738,2394,2026-07-26,0,2026-07-28T06:00:00Z
ACCT-0223,2026-08-01,127,89,607,19251,2286,2026-08-25,0,2026-08-28T06:00:00Z
ACCT-0223,2026-09-01,128,84,585,17020,2304,2026-09-24,,2026-09-30T06:00:00Z
ACCT-0224,2026-06-01,144,87,466,18260,8208,2026-06-17,0,2026-06-28T06:00:00Z
ACCT-0224,2026-07-01,138,75,421,16587,7866,2026-07-17,0,2026-07-28T06:00:00Z
ACCT-0224,2026-08-01,139,68,434,15324,7923,2026-08-16,0,2026-08-28T06:00:00Z
ACCT-0224,2026-09-01,140,60,396,17376,7980,2026-09-14,,2026-09-30T06:00:00Z
ACCT-0225,2026-06-01,149,61,320,5022,5066,2026-06-10,1,2026-06-28T06:00:00Z
ACCT-0225,2026-07-01,150,54,221,3500,5100,2026-07-09,1,2026-07-28T06:00:00Z
ACCT-0225,2026-08-01,151,45,205,3777,5134,2026-08-07,1,2026-08-28T06:00:00Z
ACCT-0225,2026-09-01,152,37,174,3557,5168,2026-09-04,,2026-09-30T06:00:00Z
ACCT-0226,2026-06-01,16,12,73,1392,544,2026-06-23,0,2026-06-28T06:00:00Z
ACCT-0226,2026-07-01,17,12,72,1463,578,2026-07-23,0,2026-07-28T06:00:00Z
ACCT-0226,2026-08-01,18,12,86,1605,612,2026-08-23,0,2026-08-28T06:00:00Z
ACCT-0226,2026-09-01,19,12,72,1539,646,2026-09-21,,2026-09-30T06:00:00Z
ACCT-0227,2026-06-01,28,16,94,2050,504,2026-06-15,0,2026-06-28T06:00:00Z
ACCT-0227,2026-07-01,29,15,73,1992,522,2026-07-15,0,2026-07-28T06:00:00Z
ACCT-0227,2026-08-01,30,13,69,1742,540,2026-08-13,0,2026-08-28T06:00:00Z
ACCT-0227,2026-09-01,31,12,75,1549,558,2026-09-11,,2026-09-30T06:00:00Z
ACCT-0228,2026-06-01,40,15,59,1516,2280,2026-06-07,1,2026-06-28T06:00:00Z
ACCT-0228,2026-07-01,41,13,63,1875,2337,2026-07-06,1,2026-07-28T06:00:00Z
ACCT-0228,2026-08-01,42,11,49,1334,2394,2026-08-04,1,2026-08-28T06:00:00Z
ACCT-0228,2026-09-01,43,9,34,1188,2451,2026-09-01,,2026-09-30T06:00:00Z
ACCT-0229,2026-06-01,52,38,236,8095,1768,2026-06-20,0,2026-06-28T06:00:00Z
ACCT-0229,2026-07-01,53,36,242,6434,1802,2026-07-21,0,2026-07-28T06:00:00Z
ACCT-0229,2026-08-01,54,33,196,7933,1836,2026-08-20,0,2026-08-28T06:00:00Z
ACCT-0229,2026-09-01,48,26,164,5530,1632,2026-09-18,,2026-09-30T06:00:00Z
ACCT-0230,2026-06-01,64,34,169,5447,1152,2026-06-13,1,2026-06-28T06:00:00Z
ACCT-0230,2026-07-01,65,30,170,6117,1170,2026-07-12,1,2026-07-28T06:00:00Z
ACCT-0230,2026-08-01,59,23,122,4615,1062,2026-08-11,1,2026-08-28T06:00:00Z
ACCT-0230,2026-09-01,60,20,116,4568,1080,2026-09-08,,2026-09-30T06:00:00Z
ACCT-0231,2026-06-01,76,68,437,13880,4332,2026-06-26,0,2026-06-28T06:00:00Z
ACCT-0231,2026-07-01,70,59,436,22880,3990,2026-07-27,0,2026-07-28T06:00:00Z
ACCT-0231,2026-08-01,71,56,375,16362,4047,2026-08-27,0,2026-08-28T06:00:00Z
ACCT-0231,2026-09-01,72,53,364,17251,4104,2026-09-25,,2026-09-30T06:00:00Z
ACCT-0232,2026-06-01,81,56,342,7519,2754,2026-06-18,0,2026-06-28T06:00:00Z
ACCT-0232,2026-07-01,82,51,275,4461,2788,2026-07-18,0,2026-07-28T06:00:00Z
ACCT-0232,2026-08-01,83,46,261,5626,2822,2026-08-17,0,2026-08-28T06:00:00Z
ACCT-0232,2026-09-01,84,40,251,5063,2856,2026-09-15,,2026-09-30T06:00:00Z
ACCT-0233,2026-06-01,93,44,199,3544,1674,2026-06-10,1,2026-06-28T06:00:00Z
ACCT-0233,2026-07-01,94,38,157,3197,1692,2026-07-10,1,2026-07-28T06:00:00Z
ACCT-0233,2026-08-01,95,32,137,3289,1710,2026-08-08,1,2026-08-28T06:00:00Z
ACCT-0233,2026-09-01,96,26,113,1962,1728,2026-09-05,,2026-09-30T06:00:00Z
ACCT-0234,2026-06-01,105,88,550,16259,5985,2026-06-24,0,2026-06-28T06:00:00Z
ACCT-0234,2026-07-01,106,82,617,13390,6042,2026-07-24,0,2026-07-28T06:00:00Z
ACCT-0234,2026-08-01,107,76,560,18126,6099,2026-08-24,0,2026-08-28T06:00:00Z
ACCT-0234,2026-09-01,108,70,488,11757,6156,2026-09-22,,2026-09-30T06:00:00Z
ACCT-0235,2026-06-01,117,73,457,14523,6669,2026-06-16,0,2026-06-28T06:00:00Z
ACCT-0235,2026-07-01,118,65,403,13076,6726,2026-07-16,0,2026-07-28T06:00:00Z
ACCT-0235,2026-08-01,119,56,290,8976,6783,2026-08-15,0,2026-08-28T06:00:00Z
ACCT-0235,2026-09-01,120,48,245,6759,6840,2026-09-12,,2026-09-30T06:00:00Z
ACCT-0236,2026-06-01,129,52,271,11482,4386,2026-06-08,1,2026-06-28T06:00:00Z
ACCT-0236,2026-07-01,130,44,170,6369,4420,2026-07-07,1,2026-07-28T06:00:00Z
ACCT-0236,2026-08-01,131,36,134,4720,4454,2026-08-05,1,2026-08-28T06:00:00Z
ACCT-0236,2026-09-01,125,26,117,3141,4250,2026-09-02,,2026-09-30T06:00:00Z
ACCT-0237,2026-06-01,141,107,678,19927,2538,2026-06-21,0,2026-06-28T06:00:00Z
ACCT-0237,2026-07-01,142,98,713,31262,2556,2026-07-22,0,2026-07-28T06:00:00Z
ACCT-0237,2026-08-01,136,84,491,22944,2448,2026-08-21,0,2026-08-28T06:00:00Z
ACCT-0237,2026-09-01,137,75,496,18248,2466,2026-09-19,,2026-09-30T06:00:00Z
ACCT-0238,2026-06-01,153,83,485,19436,8721,2026-06-14,0,2026-06-28T06:00:00Z
ACCT-0238,2026-07-01,147,69,419,14629,8379,2026-07-13,0,2026-07-28T06:00:00Z
ACCT-0238,2026-08-01,148,59,276,9309,8436,2026-08-12,0,2026-08-28T06:00:00Z
ACCT-0238,2026-09-01,149,48,246,8513,8493,2026-09-09,,2026-09-30T06:00:00Z
ACCT-0239,2026-06-01,13,12,78,1367,442,2026-06-27,0,2026-06-28T06:00:00Z
ACCT-0239,2026-07-01,14,12,84,1376,476,2026-07-28,0,2026-07-28T06:00:00Z
ACCT-0239,2026-08-01,15,11,82,1712,510,2026-08-27,0,2026-08-28T06:00:00Z
ACCT-0239,2026-09-01,16,11,80,1642,544,2026-09-26,,2026-09-30T06:00:00Z
ACCT-0240,2026-06-01,25,17,101,1966,450,2026-06-19,0,2026-06-28T06:00:00Z
ACCT-0240,2026-07-01,26,16,105,2689,468,2026-07-19,0,2026-07-28T06:00:00Z
ACCT-0240,2026-08-01,27,14,95,1894,486,2026-08-18,0,2026-08-28T06:00:00Z
ACCT-0240,2026-09-01,28,13,76,1424,504,2026-09-16,,2026-09-30T06:00:00Z
ACCT-0013,2026-06-01,142,94,617,27935,4828,2026-06-19,0,2026-06-30T19:45:00Z
ACCT-0045,2026-07-01,57,35,206,5957,3249,2026-07-23,0,2026-07-30T19:45:00Z
ACCT-0099,2026-08-01,70,43,284,5324,3990,2026-08-23,0,2026-08-30T19:45:00Z
ACCT-0167,2026-09-01,92,40,231,7610,5244,2026-09-17,,2026-09-30T19:45:00Z
ACCT-0220,2026-09-01,99,68,523,16448,1782,2026-09-27,,2026-09-30T19:45:00Z
