domain,authority_score,country,language,topic_fit,site_type,indexed_pages,penalty_status,known_pbn,outbound_links_per_page,typical_page_words,paid_sitewide,hacked_content,nofollow_only
security-ledger.test,84,US,en,high,editorial,768,none,no,34,1154,no,no,no
cloud-control.test,79,GB,en,high,editorial,733,none,no,29,1124,no,no,no
privacy-observer.test,76,CA,en,high,editorial,712,none,no,26,1106,no,no,no
audit-practice.test,73,US,en,high,professional_association,691,none,no,23,1088,no,no,no
trust-architecture.test,69,DE,en,high,editorial,663,none,no,19,1064,no,no,no
saas-risk-review.test,66,US,en,medium,editorial,642,none,no,16,1046,no,no,no
policy-stack.test,62,GB,en,high,research,614,none,no,12,1022,no,no,no
devsec-community.test,59,IN,en,high,community,593,none,no,40,1004,no,no,no
control-frameworks.test,56,US,en,high,resource_library,572,none,no,37,986,no,no,no
cloud-buyer.test,53,CA,en,medium,editorial,551,none,no,34,968,no,no,no
data-governance-room.test,50,AU,en,medium,community,530,none,no,31,950,no,no,no
founder-security.test,47,US,en,medium,editorial,509,none,no,28,932,no,no,no
regional-techwire.test,44,SG,en,low,news,488,none,no,25,914,no,no,no
workflow-labs.test,41,US,en,medium,community,467,none,no,22,896,no,no,no
open-controls.test,38,GB,en,high,resource_library,446,none,no,19,878,no,no,no
cipher-practitioners.test,77,US,en,high,community,719,none,no,27,1112,no,no,no
evidence-ops.test,71,US,en,high,editorial,677,none,no,21,1076,no,no,no
security-finance.test,65,GB,en,medium,news,635,none,no,15,1040,no,no,no
startup-assurance.test,61,CA,en,high,community,607,none,no,42,1016,no,no,no
compliance-craft.test,58,US,en,high,editorial,586,none,no,39,998,no,no,no
risk-data-lab.test,55,DE,en,medium,research,565,none,no,36,980,no,no,no
vendor-trust.test,52,US,en,high,resource_library,544,none,no,33,962,no,no,no
cloud-counsel.test,49,GB,en,medium,editorial,523,none,no,30,944,no,no,no
assurance-week.test,46,AU,en,high,news,502,none,no,27,926,no,no,no
security-operators.test,43,IN,en,high,community,481,none,no,24,908,no,no,no
controls-catalog.test,40,US,en,high,resource_library,460,none,no,21,890,no,no,no
b2b-policy.test,37,CA,en,medium,editorial,439,none,no,18,872,no,no,no
midmarket-cloud.test,34,US,en,medium,news,418,none,no,15,854,no,no,no
founder-controls.test,31,GB,en,high,community,397,none,no,12,836,no,no,no
regional-audit.test,28,US,en,medium,directory_industry,376,none,no,40,818,no,no,no
secops-journal.test,88,US,en,high,editorial,796,none,no,38,1178,no,no,no
compliance-lab.test,82,GB,en,high,research,754,none,no,32,1142,no,no,no
cloud-audit-alliance.test,78,US,en,high,professional_association,726,none,no,28,1118,no,no,no
risk-engineering.test,75,CA,en,high,editorial,705,none,no,25,1100,no,no,no
governance-review.test,72,AU,en,high,editorial,684,none,no,22,1082,no,no,no
b2b-security-weekly.test,69,US,en,high,news,663,none,no,19,1064,no,no,no
devtrust-community.test,66,IN,en,medium,community,642,none,no,16,1046,no,no,no
privacy-briefing.test,64,GB,en,high,editorial,628,none,no,14,1034,no,no,no
saas-controlroom.test,61,US,en,medium,community,607,none,no,42,1016,no,no,no
infosec-curriculum.test,59,CA,en,high,education,593,none,no,40,1004,no,no,no
cloudops-dispatch.test,57,US,en,high,news,579,none,no,38,992,no,no,no
procurement-tech-review.test,55,DE,en,medium,editorial,565,none,no,36,980,no,no,no
rank-orbit.test,13,ZZ,en,unrelated,editorial,130,none,yes,1600,130,no,no,no
expired-cloud.test,17,ZZ,en,low,editorial,0,none,no,2800,80,no,no,no
footer-market.test,22,BR,en,unrelated,editorial,420,none,no,4300,240,yes,no,no
pharma-breach.test,9,RU,en,unrelated,editorial,18,none,no,700,900,no,yes,no
thin-profile.test,18,US,en,low,forum_profile,420,none,no,18,55,no,no,yes
small-security-blog.test,14,US,en,high,editorial,420,none,no,18,820,no,no,yes
pbn-circuit.test,11,ZZ,en,unrelated,editorial,420,none,yes,3200,90,no,no,no
pbn-cascade.test,15,ZZ,en,unrelated,editorial,420,none,yes,5100,75,no,no,no
manual-action.test,20,US,en,low,editorial,420,manual_penalty,no,18,260,no,no,no
deindexed-vault.test,16,ZZ,en,unrelated,editorial,0,none,no,18,110,no,no,no
directory-blast.test,19,IN,en,unrelated,generic_directory,420,none,no,14000,65,no,no,no
directory-pulse.test,23,BR,en,unrelated,generic_directory,420,none,no,12500,70,no,no,no
directory-harbor.test,21,ZZ,en,unrelated,generic_directory,420,none,no,11800,72,no,no,no
paid-sidebar.test,27,TR,en,unrelated,editorial,420,none,no,3500,300,yes,no,no
injected-casino.test,8,RU,en,unrelated,editorial,22,none,no,18,95,no,yes,no
nofollow-index.test,12,US,en,medium,directory_industry,420,none,no,18,700,no,no,yes
