customer_id,customer_name,segment,account_owner,region
C001,Birchline Design,Core,Marcus Lee,East
C002,Cobalt Workshop,Strategic,Nina Flores,West
C003,Delta Harbor Supply,Growth,Owen Bell,South
C004,Harbor Stone Studio,Core,Priya Shah,Central
C005,Elm City Roasters,Strategic,Marcus Lee,East
C006,Violet Thread Co.,Growth,Nina Flores,West
C007,Atlas Ridge Markets,Core,Owen Bell,South
C008,Beacon Grove Media,Strategic,Priya Shah,Central
C009,Copper Finch Goods,Growth,Marcus Lee,East
C010,Driftwood Learning,Core,Nina Flores,West
C011,Everwell Kitchens,Strategic,Owen Bell,South
C012,Fable Foods Cooperative,Growth,Priya Shah,Central
C013,Granite Loop Fitness,Core,Marcus Lee,East
C014,Honeycomb Office,Strategic,Nina Flores,West
C015,Indigo Trail Gear,Growth,Owen Bell,South
C016,Juniper Field Services,Core,Priya Shah,Central
C017,Kite & Key Books,Strategic,Marcus Lee,East
C018,Lakeview Audio,Growth,Nina Flores,West
C019,Northwind Veterinary Group,Core,Owen Bell,South
C020,Oak & Ember Home,Strategic,Priya Shah,Central
C021,Pinecrest Mobility,Growth,Marcus Lee,East
C022,Quarry House Labs,Core,Nina Flores,West
C023,Redwood Family Dental,Strategic,Owen Bell,South
C024,Saffron Table,Growth,Priya Shah,Central
C025,Tern River Logistics,Core,Marcus Lee,East
C026,Umber Lane Apparel,Strategic,Nina Flores,West
C027,Veridian Craft,Growth,Owen Bell,South
C028,Willow Peak Travel,Core,Priya Shah,Central
C029,Xylo Works,Strategic,Marcus Lee,East
C030,Yellowbrick Tutors,Growth,Nina Flores,West
C031,Zephyr Garden Supply,Core,Owen Bell,South
C032,Aster Lane Wellness,Strategic,Priya Shah,Central
C033,Bluebird Metalworks,Growth,Marcus Lee,East
C034,Crescent Paper Co.,Core,Nina Flores,West
C035,Dovetail Market,Strategic,Owen Bell,South
C036,Emberlight Events,Growth,Priya Shah,Central
