invoice_id,customer_id,customer,issue_date,due_date,amount_usd,status,paid_date
INV-9001,C007,Atlas Ridge Markets,2026-06-27,2026-07-27,9600.00,open,
INV-9002,C012,Fable Foods Cooperative,2026-05-24,2026-06-23,13700.00,open,
INV-9003,C019,Northwind Veterinary Group,2026-07-06,2026-08-05,4200.00,open,
INV-9004,C004,Harbor Stone Studio,2026-07-24,2026-08-23,6800.00,open,
INV-9005,C023,Redwood Family Dental,2026-07-31,2026-08-30,5150.00,open,
INV-9006,C016,Juniper Field Services,2026-07-15,2026-08-14,7350.00,open,
INV-9007,C029,Xylo Works,2026-08-05,2026-09-04,2900.00,open,
INV-9008,C032,Aster Lane Wellness,2026-07-20,2026-08-19,4450.00,open,
INV-9009,C028,Willow Peak Travel,2026-07-22,2026-08-21,5003.00,open,
INV-9010,C035,Dovetail Market,2026-07-17,2026-08-16,5490.00,open,
INV-9011,C006,Violet Thread Co.,2026-07-12,2026-08-11,5977.00,open,
INV-9012,C013,Granite Loop Fitness,2026-08-05,2026-09-04,6464.00,open,
INV-9013,C020,Oak & Ember Home,2026-07-31,2026-08-30,6951.00,open,
INV-9014,C027,Veridian Craft,2026-07-26,2026-08-25,7438.00,open,
INV-9015,C034,Crescent Paper Co.,2026-07-21,2026-08-20,7925.00,open,
INV-9016,C005,Elm City Roasters,2026-07-16,2026-08-15,1012.00,open,
INV-9017,C012,Fable Foods Cooperative,2026-07-11,2026-08-10,1499.00,open,
INV-9018,C019,Northwind Veterinary Group,2026-08-04,2026-09-03,1986.00,open,
INV-9019,C026,Umber Lane Apparel,2026-07-30,2026-08-29,2473.00,open,
INV-9020,C033,Bluebird Metalworks,2026-07-25,2026-08-24,2960.00,open,
INV-9021,C004,Harbor Stone Studio,2026-07-20,2026-08-19,3447.00,open,
INV-9022,C011,Everwell Kitchens,2026-07-15,2026-08-14,3934.00,open,
INV-9023,C018,Lakeview Audio,2026-07-10,2026-08-09,4421.00,open,
INV-9024,C025,Tern River Logistics,2026-08-03,2026-09-02,4908.00,open,
INV-9025,C032,Aster Lane Wellness,2026-07-10,2026-08-09,5395.00,paid,2026-08-07
INV-9026,C003,Delta Harbor Supply,2026-07-09,2026-08-08,5882.00,paid,2026-08-07
INV-9027,C010,Driftwood Learning,2026-07-08,2026-08-07,6369.00,paid,2026-08-07
INV-9028,C017,Kite & Key Books,2026-07-07,2026-08-06,6856.00,paid,2026-08-07
INV-9029,C024,Saffron Table,2026-07-06,2026-08-05,7343.00,paid,2026-08-07
INV-9030,C031,Zephyr Garden Supply,2026-07-05,2026-08-04,7830.00,paid,2026-08-07
INV-9031,C002,Cobalt Workshop,2026-07-03,2026-08-02,917.00,void,
INV-9032,C009,Copper Finch Goods,2026-07-03,2026-08-02,1404.00,paid,2026-08-07
INV-9033,C016,Juniper Field Services,2026-07-02,2026-08-01,1891.00,paid,2026-08-07
INV-9034,C023,Redwood Family Dental,2026-07-01,2026-07-31,2378.00,paid,2026-08-07
INV-9035,C030,Yellowbrick Tutors,2026-06-30,2026-07-30,2865.00,paid,2026-08-07
INV-9036,C001,Birchline Design,2026-06-29,2026-07-29,3352.00,paid,2026-07-26
INV-9037,C008,Beacon Grove Media,2026-06-28,2026-07-28,3839.00,paid,2026-07-26
INV-9038,C015,Indigo Trail Gear,2026-06-27,2026-07-27,4326.00,paid,2026-07-26
INV-9039,C022,Quarry House Labs,2026-06-26,2026-07-26,4813.00,paid,2026-07-26
INV-9040,C029,Xylo Works,2026-06-25,2026-07-25,5300.00,paid,2026-07-26
INV-9041,C036,Emberlight Events,2026-06-24,2026-07-24,5787.00,paid,2026-07-26
INV-9042,C007,Atlas Ridge Markets,2026-06-23,2026-07-23,6274.00,paid,2026-07-26
INV-9043,C014,Honeycomb Office,2026-06-22,2026-07-22,6761.00,paid,2026-07-26
INV-9044,C021,Pinecrest Mobility,2026-06-21,2026-07-21,7248.00,paid,2026-07-26
INV-9045,C028,Willow Peak Travel,2026-06-20,2026-07-20,7735.00,paid,2026-07-26
INV-9046,C035,Dovetail Market,2026-06-19,2026-07-19,822.00,paid,2026-07-26
INV-9047,C006,Violet Thread Co.,2026-06-18,2026-07-18,1309.00,paid,2026-07-26
INV-9048,C013,Granite Loop Fitness,2026-06-17,2026-07-17,1796.00,paid,2026-07-14
INV-9049,C020,Oak & Ember Home,2026-06-16,2026-07-16,2283.00,paid,2026-07-14
INV-9050,C027,Veridian Craft,2026-06-15,2026-07-15,2770.00,paid,2026-07-14
INV-9051,C034,Crescent Paper Co.,2026-06-14,2026-07-14,3257.00,paid,2026-07-14
INV-9052,C005,Elm City Roasters,2026-08-04,2026-09-03,3744.00,paid,2026-09-04
INV-9053,C012,Fable Foods Cooperative,2026-08-03,2026-09-02,4231.00,paid,2026-09-04
INV-9054,C019,Northwind Veterinary Group,2026-08-02,2026-09-01,4718.00,paid,2026-09-04
INV-9055,C026,Umber Lane Apparel,2026-08-01,2026-08-31,5205.00,paid,2026-09-04
INV-9056,C033,Bluebird Metalworks,2026-07-31,2026-08-30,5692.00,paid,2026-09-04
INV-9057,C004,Harbor Stone Studio,2026-07-30,2026-08-29,6179.00,paid,2026-09-04
INV-9058,C011,Everwell Kitchens,2026-07-29,2026-08-28,6666.00,paid,2026-09-04
INV-9059,C018,Lakeview Audio,2026-07-28,2026-08-27,7153.00,paid,2026-09-04
INV-9060,C025,Tern River Logistics,2026-07-27,2026-08-26,7640.00,paid,2026-08-23
INV-9061,C032,Aster Lane Wellness,2026-07-26,2026-08-25,727.00,paid,2026-08-23
INV-9062,C003,Delta Harbor Supply,2026-07-12,2026-08-11,1214.00,void,
INV-9063,C010,Driftwood Learning,2026-07-24,2026-08-23,1701.00,paid,2026-08-23
INV-9064,C017,Kite & Key Books,2026-07-23,2026-08-22,2188.00,paid,2026-08-23
INV-9065,C024,Saffron Table,2026-07-22,2026-08-21,2675.00,paid,2026-08-23
INV-9066,C031,Zephyr Garden Supply,2026-07-21,2026-08-20,3162.00,paid,2026-08-23
INV-9067,C002,Cobalt Workshop,2026-07-20,2026-08-19,3649.00,paid,2026-08-23
INV-9068,C009,Copper Finch Goods,2026-07-19,2026-08-18,4136.00,paid,2026-08-23
INV-9069,C016,Juniper Field Services,2026-07-18,2026-08-17,4623.00,paid,2026-08-23
INV-9070,C023,Redwood Family Dental,2026-07-17,2026-08-16,5110.00,paid,2026-08-23
INV-9071,C030,Yellowbrick Tutors,2026-07-16,2026-08-15,5597.00,paid,2026-08-23
INV-9072,C001,Birchline Design,2026-07-15,2026-08-14,6084.00,paid,2026-08-11
INV-9073,C008,Beacon Grove Media,2026-07-14,2026-08-13,6571.00,paid,2026-08-11
INV-9074,C015,Indigo Trail Gear,2026-07-13,2026-08-12,7058.00,paid,2026-08-11
INV-9075,C022,Quarry House Labs,2026-07-12,2026-08-11,7545.00,paid,2026-08-11
INV-9076,C029,Xylo Works,2026-07-11,2026-08-10,632.00,paid,2026-08-11
INV-9077,C036,Emberlight Events,2026-07-10,2026-08-09,1119.00,paid,2026-08-11
INV-9078,C007,Atlas Ridge Markets,2026-07-09,2026-08-08,1606.00,paid,2026-08-11
INV-9079,C014,Honeycomb Office,2026-07-08,2026-08-07,2093.00,paid,2026-08-11
INV-9080,C021,Pinecrest Mobility,2026-07-07,2026-08-06,2580.00,paid,2026-08-11
INV-9081,C028,Willow Peak Travel,2026-07-06,2026-08-05,3067.00,paid,2026-08-11
INV-9082,C035,Dovetail Market,2026-07-05,2026-08-04,3554.00,paid,2026-08-11
INV-9083,C006,Violet Thread Co.,2026-07-04,2026-08-03,4041.00,paid,2026-08-11
INV-9084,C013,Granite Loop Fitness,2026-07-03,2026-08-02,4528.00,paid,2026-07-30
INV-9085,C020,Oak & Ember Home,2026-07-02,2026-08-01,5015.00,paid,2026-07-30
INV-9086,C027,Veridian Craft,2026-07-01,2026-07-31,5502.00,paid,2026-07-30
INV-9087,C034,Crescent Paper Co.,2026-06-30,2026-07-30,5989.00,paid,2026-07-30
INV-9088,C005,Elm City Roasters,2026-06-29,2026-07-29,6476.00,paid,2026-07-30
INV-9089,C012,Fable Foods Cooperative,2026-06-28,2026-07-28,6963.00,paid,2026-07-30
INV-9090,C019,Northwind Veterinary Group,2026-06-27,2026-07-27,7450.00,paid,2026-07-30
INV-9091,C026,Umber Lane Apparel,2026-06-26,2026-07-26,7937.00,paid,2026-07-30
INV-9092,C033,Bluebird Metalworks,2026-06-25,2026-07-25,1024.00,paid,2026-07-30
INV-9093,C004,Harbor Stone Studio,2026-07-21,2026-08-20,1511.00,void,
INV-9094,C011,Everwell Kitchens,2026-06-23,2026-07-23,1998.00,paid,2026-07-30
INV-9095,C018,Lakeview Audio,2026-06-22,2026-07-22,2485.00,paid,2026-07-30
INV-9096,C025,Tern River Logistics,2026-06-21,2026-07-21,2972.00,paid,2026-07-18
