spark_id,contact_id,generated_at,persona,background_summary,influence_signals,job_change
SPK-0001,C-0002,2026-08-26,Champion,Fictional enrichment snapshot describing platform and cross-team delivery experience.,Participates in technical evaluation and peer discussions.,
SPK-0002,C-0005,2026-08-17,End User,Fictional enrichment snapshot describing platform and cross-team delivery experience.,Participates in technical evaluation and peer discussions.,
SPK-0003,C-0008,2026-08-08,Gatekeeper,Fictional enrichment snapshot describing platform and cross-team delivery experience.,Participates in technical evaluation and peer discussions.,
SPK-0004,C-0011,2026-07-30,Technical Evaluator,Fictional enrichment snapshot describing platform and cross-team delivery experience.,Participates in technical evaluation and peer discussions.,
SPK-0005,C-0014,2026-07-21,Economic Buyer,Fictional enrichment snapshot describing platform and cross-team delivery experience.,Participates in technical evaluation and peer discussions.,
SPK-0006,C-0017,2026-07-12,Champion,Fictional enrichment snapshot describing platform and cross-team delivery experience.,Participates in technical evaluation and peer discussions.,
SPK-0007,C-0020,2026-07-03,End User,Fictional enrichment snapshot describing platform and cross-team delivery experience.,Participates in technical evaluation and peer discussions.,
SPK-0008,C-0023,2026-06-24,Gatekeeper,Fictional enrichment snapshot describing platform and cross-team delivery experience.,Participates in technical evaluation and peer discussions.,
SPK-0009,C-0026,2026-06-15,Technical Evaluator,Fictional enrichment snapshot describing platform and cross-team delivery experience.,Participates in technical evaluation and peer discussions.,
SPK-0010,C-0029,2026-06-06,Economic Buyer,Fictional enrichment snapshot describing platform and cross-team delivery experience.,Participates in technical evaluation and peer discussions.,
SPK-0011,C-0032,2026-05-28,Champion,Fictional enrichment snapshot describing platform and cross-team delivery experience.,Participates in technical evaluation and peer discussions.,
SPK-0012,C-0035,2026-05-19,End User,Fictional enrichment snapshot describing platform and cross-team delivery experience.,Participates in technical evaluation and peer discussions.,
SPK-0013,C-0038,2026-05-10,Gatekeeper,Fictional enrichment snapshot describing platform and cross-team delivery experience.,Participates in technical evaluation and peer discussions.,
SPK-0014,C-0041,2026-08-29,Technical Evaluator,Fictional enrichment snapshot describing platform and cross-team delivery experience.,Participates in technical evaluation and peer discussions.,
SPK-0081,C-0043,2026-03-15,End User,Senior Platform Engineer owning identity automation.,Hands-on administrator for SSO and provisioning.,
SPK-0082,C-0043,2026-06-20,Technical Evaluator,Promoted to Director of Platform Engineering.,Joined the security architecture committee and led vendor validation.,Promotion from Senior Platform Engineer
SPK-0083,C-0043,2026-08-22,Champion,"Director coordinating the identity rollout across Platform, Security, and Finance IT.",Organizes the pilot and shares evaluation notes with the buying group.,
SPK-0015,C-0044,2026-08-20,Economic Buyer,Fictional enrichment snapshot describing platform and cross-team delivery experience.,Participates in technical evaluation and peer discussions.,
SPK-0016,C-0047,2026-08-11,Champion,Fictional enrichment snapshot describing platform and cross-team delivery experience.,Participates in technical evaluation and peer discussions.,
SPK-0017,C-0050,2026-08-02,End User,Fictional enrichment snapshot describing platform and cross-team delivery experience.,Participates in technical evaluation and peer discussions.,
SPK-0018,C-0053,2026-07-24,Gatekeeper,Fictional enrichment snapshot describing platform and cross-team delivery experience.,Participates in technical evaluation and peer discussions.,
SPK-0019,C-0056,2026-07-15,Technical Evaluator,Fictional enrichment snapshot describing platform and cross-team delivery experience.,Participates in technical evaluation and peer discussions.,
SPK-0020,C-0059,2026-07-06,Economic Buyer,Fictional enrichment snapshot describing platform and cross-team delivery experience.,Participates in technical evaluation and peer discussions.,
SPK-0021,C-0062,2026-06-27,Champion,Fictional enrichment snapshot describing platform and cross-team delivery experience.,Participates in technical evaluation and peer discussions.,
SPK-0022,C-0065,2026-06-18,End User,Fictional enrichment snapshot describing platform and cross-team delivery experience.,Participates in technical evaluation and peer discussions.,
SPK-0023,C-0068,2026-06-09,Gatekeeper,Fictional enrichment snapshot describing platform and cross-team delivery experience.,Participates in technical evaluation and peer discussions.,
SPK-0024,C-0071,2026-05-31,Technical Evaluator,Fictional enrichment snapshot describing platform and cross-team delivery experience.,Participates in technical evaluation and peer discussions.,
SPK-0025,C-0074,2026-05-22,Economic Buyer,Fictional enrichment snapshot describing platform and cross-team delivery experience.,Participates in technical evaluation and peer discussions.,
SPK-0026,C-0077,2026-05-13,Champion,Fictional enrichment snapshot describing platform and cross-team delivery experience.,Participates in technical evaluation and peer discussions.,
SPK-0027,C-0080,2026-09-01,End User,Fictional enrichment snapshot describing platform and cross-team delivery experience.,Participates in technical evaluation and peer discussions.,
SPK-0028,C-0083,2026-08-23,Gatekeeper,Fictional enrichment snapshot describing platform and cross-team delivery experience.,Participates in technical evaluation and peer discussions.,
SPK-0029,C-0086,2026-08-14,Technical Evaluator,Fictional enrichment snapshot describing platform and cross-team delivery experience.,Participates in technical evaluation and peer discussions.,
SPK-0030,C-0089,2026-08-05,Economic Buyer,Fictional enrichment snapshot describing platform and cross-team delivery experience.,Participates in technical evaluation and peer discussions.,
SPK-0031,C-0092,2026-07-27,Champion,Fictional enrichment snapshot describing platform and cross-team delivery experience.,Participates in technical evaluation and peer discussions.,
SPK-0032,C-0095,2026-07-18,End User,Fictional enrichment snapshot describing platform and cross-team delivery experience.,Participates in technical evaluation and peer discussions.,
SPK-0033,C-0098,2026-07-09,Gatekeeper,Fictional enrichment snapshot describing platform and cross-team delivery experience.,Participates in technical evaluation and peer discussions.,
SPK-0034,C-0101,2026-06-30,Technical Evaluator,Fictional enrichment snapshot describing platform and cross-team delivery experience.,Participates in technical evaluation and peer discussions.,
SPK-0035,C-0104,2026-06-21,Economic Buyer,Fictional enrichment snapshot describing platform and cross-team delivery experience.,Participates in technical evaluation and peer discussions.,
SPK-0036,C-0107,2026-06-12,Champion,Fictional enrichment snapshot describing platform and cross-team delivery experience.,Participates in technical evaluation and peer discussions.,
SPK-0037,C-0110,2026-06-03,End User,Fictional enrichment snapshot describing platform and cross-team delivery experience.,Participates in technical evaluation and peer discussions.,
SPK-0038,C-0113,2026-05-25,Gatekeeper,Fictional enrichment snapshot describing platform and cross-team delivery experience.,Participates in technical evaluation and peer discussions.,
SPK-0039,C-0116,2026-05-16,Technical Evaluator,Fictional enrichment snapshot describing platform and cross-team delivery experience.,Participates in technical evaluation and peer discussions.,
SPK-0040,C-0119,2026-05-07,Economic Buyer,Fictional enrichment snapshot describing platform and cross-team delivery experience.,Participates in technical evaluation and peer discussions.,
SPK-0041,C-0122,2026-08-26,Champion,Fictional enrichment snapshot describing platform and cross-team delivery experience.,Participates in technical evaluation and peer discussions.,
SPK-0042,C-0125,2026-08-17,End User,Fictional enrichment snapshot describing platform and cross-team delivery experience.,Participates in technical evaluation and peer discussions.,
SPK-0043,C-0128,2026-08-08,Gatekeeper,Fictional enrichment snapshot describing platform and cross-team delivery experience.,Participates in technical evaluation and peer discussions.,
SPK-0044,C-0131,2026-07-30,Technical Evaluator,Fictional enrichment snapshot describing platform and cross-team delivery experience.,Participates in technical evaluation and peer discussions.,
SPK-0045,C-0134,2026-07-21,Economic Buyer,Fictional enrichment snapshot describing platform and cross-team delivery experience.,Participates in technical evaluation and peer discussions.,
SPK-0046,C-0137,2026-07-12,Champion,Fictional enrichment snapshot describing platform and cross-team delivery experience.,Participates in technical evaluation and peer discussions.,
SPK-0047,C-0140,2026-07-03,End User,Fictional enrichment snapshot describing platform and cross-team delivery experience.,Participates in technical evaluation and peer discussions.,
SPK-0048,C-0143,2026-06-24,Gatekeeper,Fictional enrichment snapshot describing platform and cross-team delivery experience.,Participates in technical evaluation and peer discussions.,
SPK-0049,C-0146,2026-06-15,Technical Evaluator,Fictional enrichment snapshot describing platform and cross-team delivery experience.,Participates in technical evaluation and peer discussions.,
SPK-0050,C-0149,2026-06-06,Economic Buyer,Fictional enrichment snapshot describing platform and cross-team delivery experience.,Participates in technical evaluation and peer discussions.,
SPK-0051,C-0152,2026-05-28,Champion,Fictional enrichment snapshot describing platform and cross-team delivery experience.,Participates in technical evaluation and peer discussions.,
SPK-0052,C-0155,2026-05-19,End User,Fictional enrichment snapshot describing platform and cross-team delivery experience.,Participates in technical evaluation and peer discussions.,
SPK-0053,C-0158,2026-05-10,Gatekeeper,Fictional enrichment snapshot describing platform and cross-team delivery experience.,Participates in technical evaluation and peer discussions.,
SPK-0054,C-0161,2026-08-29,Technical Evaluator,Fictional enrichment snapshot describing platform and cross-team delivery experience.,Participates in technical evaluation and peer discussions.,
SPK-0055,C-0164,2026-08-20,Economic Buyer,Fictional enrichment snapshot describing platform and cross-team delivery experience.,Participates in technical evaluation and peer discussions.,
SPK-0056,C-0167,2026-08-11,Champion,Fictional enrichment snapshot describing platform and cross-team delivery experience.,Participates in technical evaluation and peer discussions.,
SPK-0057,C-0170,2026-08-02,End User,Fictional enrichment snapshot describing platform and cross-team delivery experience.,Participates in technical evaluation and peer discussions.,
SPK-0058,C-0173,2026-07-24,Gatekeeper,Fictional enrichment snapshot describing platform and cross-team delivery experience.,Participates in technical evaluation and peer discussions.,
SPK-0059,C-0176,2026-07-15,Technical Evaluator,Fictional enrichment snapshot describing platform and cross-team delivery experience.,Participates in technical evaluation and peer discussions.,
SPK-0060,C-0179,2026-07-06,Economic Buyer,Fictional enrichment snapshot describing platform and cross-team delivery experience.,Participates in technical evaluation and peer discussions.,
SPK-0061,C-0182,2026-06-27,Champion,Fictional enrichment snapshot describing platform and cross-team delivery experience.,Participates in technical evaluation and peer discussions.,
SPK-0062,C-0185,2026-06-18,End User,Fictional enrichment snapshot describing platform and cross-team delivery experience.,Participates in technical evaluation and peer discussions.,
SPK-0063,C-0188,2026-06-09,Gatekeeper,Fictional enrichment snapshot describing platform and cross-team delivery experience.,Participates in technical evaluation and peer discussions.,
SPK-0064,C-0191,2026-05-31,Technical Evaluator,Fictional enrichment snapshot describing platform and cross-team delivery experience.,Participates in technical evaluation and peer discussions.,
SPK-0065,C-0194,2026-05-22,Economic Buyer,Fictional enrichment snapshot describing platform and cross-team delivery experience.,Participates in technical evaluation and peer discussions.,
SPK-0066,C-0197,2026-05-13,Champion,Fictional enrichment snapshot describing platform and cross-team delivery experience.,Participates in technical evaluation and peer discussions.,
SPK-0067,C-0200,2026-09-01,End User,Fictional enrichment snapshot describing platform and cross-team delivery experience.,Participates in technical evaluation and peer discussions.,
SPK-0068,C-0203,2026-08-23,Gatekeeper,Fictional enrichment snapshot describing platform and cross-team delivery experience.,Participates in technical evaluation and peer discussions.,
SPK-0069,C-0206,2026-08-14,Technical Evaluator,Fictional enrichment snapshot describing platform and cross-team delivery experience.,Participates in technical evaluation and peer discussions.,
SPK-0070,C-0209,2026-08-05,Economic Buyer,Fictional enrichment snapshot describing platform and cross-team delivery experience.,Participates in technical evaluation and peer discussions.,
SPK-0071,C-0212,2026-07-27,Champion,Fictional enrichment snapshot describing platform and cross-team delivery experience.,Participates in technical evaluation and peer discussions.,
SPK-0072,C-0215,2026-07-18,End User,Fictional enrichment snapshot describing platform and cross-team delivery experience.,Participates in technical evaluation and peer discussions.,
SPK-0073,C-0218,2026-07-09,Gatekeeper,Fictional enrichment snapshot describing platform and cross-team delivery experience.,Participates in technical evaluation and peer discussions.,
SPK-0074,C-0221,2026-06-30,Technical Evaluator,Fictional enrichment snapshot describing platform and cross-team delivery experience.,Participates in technical evaluation and peer discussions.,
SPK-0075,C-0224,2026-06-21,Economic Buyer,Fictional enrichment snapshot describing platform and cross-team delivery experience.,Participates in technical evaluation and peer discussions.,
SPK-0076,C-0227,2026-06-12,Champion,Fictional enrichment snapshot describing platform and cross-team delivery experience.,Participates in technical evaluation and peer discussions.,
SPK-0077,C-0230,2026-06-03,End User,Fictional enrichment snapshot describing platform and cross-team delivery experience.,Participates in technical evaluation and peer discussions.,
SPK-0078,C-0233,2026-05-25,Gatekeeper,Fictional enrichment snapshot describing platform and cross-team delivery experience.,Participates in technical evaluation and peer discussions.,
SPK-0079,C-0236,2026-05-16,Technical Evaluator,Fictional enrichment snapshot describing platform and cross-team delivery experience.,Participates in technical evaluation and peer discussions.,
SPK-0080,C-0239,2026-05-07,Economic Buyer,Fictional enrichment snapshot describing platform and cross-team delivery experience.,Participates in technical evaluation and peer discussions.,
