post_id,published_date,platform,format,title,impressions,reach,engagements,clicks,conversions,positive_comments,neutral_comments,negative_comments,moderation_status
TI-001,2026-08-02,TikTok,Video,blue-hour lighting: one useful choice from the Night Bloom field test.,7800,6474,530,120,9,45,24,5,approved
TI-002,2026-08-03,TikTok,Thread,"Behind the scenes of trail packing, including the trade-off we kept.",8554,7099,596,163,13,53,22,8,approved
TI-003,2026-08-04,TikTok,Carousel,Three frames from our field notes experiment and what the audience saved.,9308,7725,664,206,17,62,19,11,approved
TI-004,2026-08-05,TikTok,Video,A compact creator setup checklist for a two-person outdoor shoot.,10062,8351,734,249,20,72,22,8,approved
TI-005,2026-08-06,TikTok,Thread,material tests: one useful choice from the Night Bloom field test.,10816,8977,807,292,24,69,32,11,approved
TI-006,2026-08-07,TikTok,Carousel,"Behind the scenes of night safety, including the trade-off we kept.",11570,9603,787,335,27,71,26,13,approved
TI-007,2026-08-08,TikTok,Video,Three frames from our blue-hour lighting experiment and what the audience saved.,12324,10228,859,378,31,81,30,9,approved
TI-008,2026-08-09,TikTok,Thread,A compact trail packing checklist for a two-person outdoor shoot.,13078,10854,933,421,34,92,25,13,excluded_spam
TI-009,2026-08-10,TikTok,Carousel,field notes: one useful choice from the Night Bloom field test.,13832,11480,1010,464,38,87,38,16,approved
TI-010,2026-08-11,TikTok,Video,"Behind the scenes of creator setup, including the trade-off we kept.",14586,12106,1089,507,42,98,42,12,approved
TI-011,2026-08-12,TikTok,Thread,Three frames from our material tests experiment and what the audience saved.,10140,8416,690,550,45,65,22,9,approved
TI-012,2026-08-13,TikTok,Carousel,A compact night safety checklist for a two-person outdoor shoot.,10894,9042,759,593,49,75,19,12,approved
TI-013,2026-08-14,TikTok,Video,blue-hour lighting: one useful choice from the Night Bloom field test.,11648,9667,831,636,52,71,36,9,approved
TI-014,2026-08-15,TikTok,Thread,"Behind the scenes of trail packing, including the trade-off we kept.",12402,10293,905,679,56,81,33,12,approved
TI-015,2026-08-16,TikTok,Carousel,Three frames from our field notes experiment and what the audience saved.,13156,10919,982,722,59,93,28,16,approved
TI-016,2026-08-17,TikTok,Video,A compact creator setup checklist for a two-person outdoor shoot.,13910,11545,946,765,63,93,29,10,approved
TI-017,2026-08-18,TikTok,Thread,material tests: one useful choice from the Night Bloom field test.,14664,12171,1022,808,67,88,41,14,approved
TI-018,2026-08-19,TikTok,Carousel,"Behind the scenes of night safety, including the trade-off we kept.",15418,12796,1100,851,70,100,36,18,approved
TI-019,2026-08-20,TikTok,Video,Three frames from our blue-hour lighting experiment and what the audience saved.,16172,13422,1181,894,74,112,40,13,approved
TI-020,2026-08-21,TikTok,Thread,A compact trail packing checklist for a two-person outdoor shoot.,16926,14048,1264,147,12,124,35,17,approved
TI-021,2026-08-22,TikTok,Carousel,field notes: one useful choice from the Night Bloom field test.,12480,10358,849,190,15,73,31,14,approved
TI-022,2026-08-23,TikTok,Video,"Behind the scenes of creator setup, including the trade-off we kept.",13234,10984,922,233,19,83,36,10,approved
TI-023,2026-08-24,TikTok,Thread,Three frames from our material tests experiment and what the audience saved.,13988,11610,998,276,22,94,32,13,approved
TI-024,2026-08-25,TikTok,Carousel,A compact night safety checklist for a two-person outdoor shoot.,14742,12235,1076,319,26,106,26,18,excluded_spam
TI-025,2026-08-26,TikTok,Video,blue-hour lighting: one useful choice from the Night Bloom field test.,15496,12861,1157,362,30,99,50,12,approved
TI-026,2026-08-27,TikTok,Thread,"Behind the scenes of trail packing, including the trade-off we kept.",16250,13487,1105,405,33,100,39,15,approved
TI-027,2026-08-28,TikTok,Carousel,Three frames from our field notes experiment and what the audience saved.,17004,14113,1185,448,37,112,34,19,approved
TI-028,2026-08-29,TikTok,Video,A compact creator setup checklist for a two-person outdoor shoot.,17758,14739,1267,491,40,125,38,14,approved
TI-029,2026-08-30,TikTok,Thread,material tests: one useful choice from the Night Bloom field test.,18512,15364,1352,534,44,117,54,18,approved
TI-030,2026-08-31,TikTok,Carousel,"Behind the scenes of night safety, including the trade-off we kept.",14066,11674,1050,577,47,95,35,17,approved
TT-TOP,2026-08-22,TikTok,Video,"A headlamp, one ridge, and the color test that changed our Night Bloom launch film.",137590,114200,10840,6842,1176,947,230,103,approved
IN-001,2026-08-02,Instagram,Thread,trail packing: one useful choice from the Night Bloom field test.,8977,7091,404,167,11,34,18,4,approved
IN-002,2026-08-03,Instagram,Carousel,"Behind the scenes of field notes, including the trade-off we kept.",9731,7687,453,210,14,40,17,6,approved
IN-003,2026-08-04,Instagram,Video,Three frames from our creator setup experiment and what the audience saved.,10485,8283,505,253,17,47,15,8,approved
IN-004,2026-08-05,Instagram,Thread,A compact material tests checklist for a two-person outdoor shoot.,11239,8878,559,296,21,55,17,6,approved
IN-005,2026-08-06,Instagram,Carousel,night safety: one useful choice from the Night Bloom field test.,11993,9474,615,339,24,53,25,8,approved
IN-006,2026-08-07,Instagram,Video,"Behind the scenes of blue-hour lighting, including the trade-off we kept.",12747,10070,573,382,27,52,19,9,approved
IN-007,2026-08-08,Instagram,Thread,Three frames from our trail packing experiment and what the audience saved.,13501,10665,629,425,30,59,22,7,approved
IN-008,2026-08-09,Instagram,Carousel,A compact field notes checklist for a two-person outdoor shoot.,14255,11261,686,468,33,68,19,9,excluded_spam
IN-009,2026-08-10,Instagram,Video,creator setup: one useful choice from the Night Bloom field test.,15009,11857,746,511,36,64,28,12,approved
IN-010,2026-08-11,Instagram,Thread,"Behind the scenes of material tests, including the trade-off we kept.",15763,12452,809,554,39,73,31,9,approved
IN-011,2026-08-12,Instagram,Carousel,Three frames from our night safety experiment and what the audience saved.,11317,8940,509,597,42,48,16,7,approved
IN-012,2026-08-13,Instagram,Video,A compact blue-hour lighting checklist for a two-person outdoor shoot.,12071,9536,562,640,45,55,14,9,approved
IN-013,2026-08-14,Instagram,Thread,trail packing: one useful choice from the Night Bloom field test.,12825,10131,617,683,48,53,27,6,approved
IN-014,2026-08-15,Instagram,Carousel,"Behind the scenes of field notes, including the trade-off we kept.",13579,10727,675,726,51,61,24,9,approved
IN-015,2026-08-16,Instagram,Video,Three frames from our creator setup experiment and what the audience saved.,14333,11323,735,769,54,69,21,12,approved
IN-016,2026-08-17,Instagram,Thread,A compact material tests checklist for a two-person outdoor shoot.,15087,11918,679,812,57,67,21,7,approved
IN-017,2026-08-18,Instagram,Carousel,night safety: one useful choice from the Night Bloom field test.,15841,12514,738,855,60,63,30,10,approved
IN-018,2026-08-19,Instagram,Video,"Behind the scenes of blue-hour lighting, including the trade-off we kept.",16595,13110,799,898,63,72,26,13,approved
IN-019,2026-08-20,Instagram,Thread,Three frames from our trail packing experiment and what the audience saved.,17349,13705,863,151,10,81,30,9,approved
IN-020,2026-08-21,Instagram,Carousel,A compact field notes checklist for a two-person outdoor shoot.,12903,10193,662,194,13,65,18,9,approved
IN-021,2026-08-22,Instagram,Video,creator setup: one useful choice from the Night Bloom field test.,13657,10789,614,237,16,52,23,10,approved
IN-022,2026-08-23,Instagram,Thread,"Behind the scenes of material tests, including the trade-off we kept.",14411,11384,671,280,19,60,26,7,approved
IN-023,2026-08-24,Instagram,Carousel,Three frames from our night safety experiment and what the audience saved.,15165,11980,730,323,22,69,23,10,approved
IN-024,2026-08-25,Instagram,Video,A compact blue-hour lighting checklist for a two-person outdoor shoot.,15919,12576,792,366,25,78,19,13,excluded_spam
IN-025,2026-08-26,Instagram,Thread,trail packing: one useful choice from the Night Bloom field test.,16673,13171,856,409,29,73,37,9,approved
IN-026,2026-08-27,Instagram,Carousel,"Behind the scenes of field notes, including the trade-off we kept.",17427,13767,784,452,32,70,29,10,approved
IN-027,2026-08-28,Instagram,Video,Three frames from our creator setup experiment and what the audience saved.,18181,14362,847,495,35,80,24,14,approved
IN-028,2026-08-29,Instagram,Thread,A compact material tests checklist for a two-person outdoor shoot.,18935,14958,912,538,38,90,27,10,approved
IN-029,2026-08-30,Instagram,Carousel,night safety: one useful choice from the Night Bloom field test.,19689,15554,979,581,41,84,40,13,approved
IN-030,2026-08-31,Instagram,Video,"Behind the scenes of blue-hour lighting, including the trade-off we kept.",15243,12041,782,624,44,70,26,13,approved
IG-TOP,2026-08-23,Instagram,Carousel,Night Bloom in six frames: from blue-hour sketch to the trail-ready final kit.,104303,82400,6230,3914,622,532,129,59,approved
YO-001,2026-08-02,YouTube,Carousel,field notes: one useful choice from the Night Bloom field test.,10154,9240,452,214,21,39,19,5,approved
YO-002,2026-08-03,YouTube,Video,"Behind the scenes of creator setup, including the trade-off we kept.",10908,9926,506,257,25,45,18,7,approved
YO-003,2026-08-04,YouTube,Thread,Three frames from our material tests experiment and what the audience saved.,11662,10612,562,300,30,53,16,9,approved
YO-004,2026-08-05,YouTube,Carousel,A compact night safety checklist for a two-person outdoor shoot.,12416,11298,621,343,34,61,19,6,approved
YO-005,2026-08-06,YouTube,Video,blue-hour lighting: one useful choice from the Night Bloom field test.,13170,11984,683,386,38,58,28,9,approved
YO-006,2026-08-07,YouTube,Thread,"Behind the scenes of trail packing, including the trade-off we kept.",13924,12670,620,429,43,55,21,10,approved
YO-007,2026-08-08,YouTube,Carousel,Three frames from our field notes experiment and what the audience saved.,14678,13356,681,472,47,64,24,7,approved
YO-008,2026-08-09,YouTube,Video,A compact creator setup checklist for a two-person outdoor shoot.,15432,14043,744,515,52,73,21,10,excluded_spam
YO-009,2026-08-10,YouTube,Thread,material tests: one useful choice from the Night Bloom field test.,16186,14729,810,558,56,70,30,13,approved
YO-010,2026-08-11,YouTube,Carousel,"Behind the scenes of night safety, including the trade-off we kept.",16940,15415,878,601,60,79,34,9,approved
YO-011,2026-08-12,YouTube,Video,Three frames from our blue-hour lighting experiment and what the audience saved.,12494,11369,557,644,65,52,18,7,approved
YO-012,2026-08-13,YouTube,Thread,A compact trail packing checklist for a two-person outdoor shoot.,13248,12055,614,687,69,60,15,10,approved
YO-013,2026-08-14,YouTube,Carousel,field notes: one useful choice from the Night Bloom field test.,14002,12741,675,730,73,58,29,7,approved
YO-014,2026-08-15,YouTube,Video,"Behind the scenes of creator setup, including the trade-off we kept.",14756,13427,738,773,78,66,27,10,approved
YO-015,2026-08-16,YouTube,Thread,Three frames from our material tests experiment and what the audience saved.,15510,14114,804,816,82,76,23,13,approved
YO-016,2026-08-17,YouTube,Carousel,A compact night safety checklist for a two-person outdoor shoot.,16264,14800,725,859,86,71,22,8,approved
YO-017,2026-08-18,YouTube,Video,blue-hour lighting: one useful choice from the Night Bloom field test.,17018,15486,789,902,91,68,31,11,approved
YO-018,2026-08-19,YouTube,Thread,"Behind the scenes of trail packing, including the trade-off we kept.",17772,16172,857,155,15,77,28,14,approved
YO-019,2026-08-20,YouTube,Carousel,Three frames from our field notes experiment and what the audience saved.,18526,16858,927,198,19,87,32,10,approved
YO-020,2026-08-21,YouTube,Video,A compact creator setup checklist for a two-person outdoor shoot.,14080,12812,730,241,24,72,20,10,approved
YO-021,2026-08-22,YouTube,Thread,material tests: one useful choice from the Night Bloom field test.,14834,13498,661,284,28,57,24,11,approved
YO-022,2026-08-23,YouTube,Carousel,"Behind the scenes of night safety, including the trade-off we kept.",15588,14185,723,327,33,65,28,8,approved
YO-023,2026-08-24,YouTube,Video,Three frames from our blue-hour lighting experiment and what the audience saved.,16342,14871,788,370,37,74,25,11,approved
YO-024,2026-08-25,YouTube,Thread,A compact trail packing checklist for a two-person outdoor shoot.,17096,15557,855,413,41,84,21,14,excluded_spam
YO-025,2026-08-26,YouTube,Carousel,field notes: one useful choice from the Night Bloom field test.,17850,16243,925,456,46,79,40,10,approved
YO-026,2026-08-27,YouTube,Video,"Behind the scenes of creator setup, including the trade-off we kept.",18604,16929,829,499,50,75,30,11,approved
YO-027,2026-08-28,YouTube,Thread,Three frames from our material tests experiment and what the audience saved.,19358,17615,898,542,54,84,26,15,approved
YO-028,2026-08-29,YouTube,Carousel,A compact night safety checklist for a two-person outdoor shoot.,20112,18301,969,585,59,95,30,10,approved
YO-029,2026-08-30,YouTube,Video,blue-hour lighting: one useful choice from the Night Bloom field test.,20866,18988,1044,628,63,90,42,14,approved
YO-030,2026-08-31,YouTube,Thread,"Behind the scenes of trail packing, including the trade-off we kept.",16420,14942,851,671,67,77,28,14,approved
YT-TOP,2026-08-24,YouTube,Video,We filmed a complete night trail story with a two-person crew — lighting map and edit breakdown.,78681,71600,4980,2706,488,695,169,76,approved
XI-001,2026-08-02,Xiaohongshu,Video,creator setup: one useful choice from the Night Bloom field test.,11331,8724,776,261,17,66,34,8,approved
XI-002,2026-08-03,Xiaohongshu,Thread,"Behind the scenes of material tests, including the trade-off we kept.",12085,9305,846,304,20,76,31,11,approved
XI-003,2026-08-04,Xiaohongshu,Carousel,Three frames from our night safety experiment and what the audience saved.,12839,9886,919,347,23,87,26,15,approved
XI-004,2026-08-05,Xiaohongshu,Video,A compact blue-hour lighting checklist for a two-person outdoor shoot.,13593,10466,994,390,26,98,30,11,approved
XI-005,2026-08-06,Xiaohongshu,Thread,trail packing: one useful choice from the Night Bloom field test.,14347,11047,1071,433,29,92,43,14,approved
XI-006,2026-08-07,Xiaohongshu,Carousel,"Behind the scenes of field notes, including the trade-off we kept.",15101,11627,1034,476,31,93,34,17,approved
XI-007,2026-08-08,Xiaohongshu,Video,Three frames from our creator setup experiment and what the audience saved.,15855,12208,1110,519,34,105,38,12,approved
XI-008,2026-08-09,Xiaohongshu,Thread,A compact material tests checklist for a two-person outdoor shoot.,16609,12788,1189,562,37,117,33,16,excluded_spam
XI-009,2026-08-10,Xiaohongshu,Carousel,night safety: one useful choice from the Night Bloom field test.,17363,13369,1270,605,40,109,47,21,approved
XI-010,2026-08-11,Xiaohongshu,Video,"Behind the scenes of blue-hour lighting, including the trade-off we kept.",12917,9946,964,648,43,87,37,10,approved
XI-011,2026-08-12,Xiaohongshu,Thread,Three frames from our trail packing experiment and what the audience saved.,13671,10526,936,691,46,89,29,13,approved
XI-012,2026-08-13,Xiaohongshu,Carousel,A compact field notes checklist for a two-person outdoor shoot.,14425,11107,1010,734,49,100,25,16,approved
XI-013,2026-08-14,Xiaohongshu,Video,creator setup: one useful choice from the Night Bloom field test.,15179,11687,1086,777,52,94,46,12,approved
XI-014,2026-08-15,Xiaohongshu,Thread,"Behind the scenes of material tests, including the trade-off we kept.",15933,12268,1165,820,54,105,42,16,approved
XI-015,2026-08-16,Xiaohongshu,Carousel,Three frames from our night safety experiment and what the audience saved.,16687,12848,1246,863,57,118,36,20,approved
XI-016,2026-08-17,Xiaohongshu,Video,A compact blue-hour lighting checklist for a two-person outdoor shoot.,17441,13429,1195,906,60,118,36,13,approved
XI-017,2026-08-18,Xiaohongshu,Thread,trail packing: one useful choice from the Night Bloom field test.,18195,14010,1274,159,10,110,51,17,approved
XI-018,2026-08-19,Xiaohongshu,Carousel,"Behind the scenes of field notes, including the trade-off we kept.",18949,14590,1356,202,13,122,45,22,approved
XI-019,2026-08-20,Xiaohongshu,Video,Three frames from our creator setup experiment and what the audience saved.,19703,15171,1441,245,16,136,49,16,approved
XI-020,2026-08-21,Xiaohongshu,Thread,A compact material tests checklist for a two-person outdoor shoot.,15257,11747,1139,288,19,112,32,15,approved
XI-021,2026-08-22,Xiaohongshu,Carousel,night safety: one useful choice from the Night Bloom field test.,16011,12328,1097,331,22,94,41,18,approved
XI-022,2026-08-23,Xiaohongshu,Video,"Behind the scenes of blue-hour lighting, including the trade-off we kept.",16765,12909,1174,374,25,106,45,13,approved
XI-023,2026-08-24,Xiaohongshu,Thread,Three frames from our trail packing experiment and what the audience saved.,17519,13489,1254,417,27,118,40,17,approved
XI-024,2026-08-25,Xiaohongshu,Carousel,A compact field notes checklist for a two-person outdoor shoot.,18273,14070,1336,460,30,132,33,22,excluded_spam
XI-025,2026-08-26,Xiaohongshu,Video,creator setup: one useful choice from the Night Bloom field test.,19027,14650,1421,503,33,122,61,15,approved
XI-026,2026-08-27,Xiaohongshu,Thread,"Behind the scenes of material tests, including the trade-off we kept.",19781,15231,1355,546,36,122,49,18,approved
XI-027,2026-08-28,Xiaohongshu,Carousel,Three frames from our night safety experiment and what the audience saved.,20535,15811,1438,589,39,136,41,24,approved
XI-028,2026-08-29,Xiaohongshu,Video,A compact blue-hour lighting checklist for a two-person outdoor shoot.,21289,16392,1524,632,42,151,45,17,approved
XI-029,2026-08-30,Xiaohongshu,Thread,trail packing: one useful choice from the Night Bloom field test.,22043,16973,1612,675,45,139,64,22,approved
XI-030,2026-08-31,Xiaohongshu,Carousel,"Behind the scenes of field notes, including the trade-off we kept.",17597,13549,1314,718,48,118,44,21,approved
XH-TOP,2026-08-25,Xiaohongshu,Carousel,"A practical night-hike packing map: what glows, what reflects, and what stays in the bag.",63506,48900,4740,2188,374,503,122,55,approved
