keyword_id,query,cluster_id,cluster_slug,cluster_type,search_intent,funnel_stage,monthly_volume,difficulty,business_fit,trend_pct,product_support,existing_url,current_competitors_with_strong_page,expected_demo_rate_pct
KW001,financial close software,C01,financial-close-software,commercial,transactional,bottom,1680,24,5,-8,yes,/pricing,2,3.6
KW002,best financial close software,C01,financial-close-software,commercial,commercial,bottom,1612,31,5,-3,yes,,2,3.6
KW003,financial close software for mid size companies,C01,financial-close-software,commercial,commercial,bottom,1544,38,5,0,yes,,2,3.6
KW004,financial close software platform,C01,financial-close-software,commercial,commercial,bottom,1476,45,5,4,yes,,2,3.6
KW005,financial close software tools,C01,financial-close-software,commercial,commercial,middle,1408,52,5,7,yes,,2,1.4
KW006,how to choose financial close software,C01,financial-close-software,commercial,informational,middle,1340,59,5,12,yes,,2,1.4
KW007,financial close software pricing,C01,financial-close-software,commercial,transactional,bottom,1112,66,5,18,yes,,2,3.6
KW008,financial close software demo,C01,financial-close-software,commercial,transactional,bottom,1044,73,5,-8,yes,,2,3.6
KW009,financial close software guide,C01,financial-close-software,commercial,informational,top,976,80,5,-3,yes,,2,0.45
KW010,financial close software checklist,C01,financial-close-software,commercial,informational,top,908,28,5,0,yes,,2,0.45
KW011,month end close software,C02,month-end-close-software,commercial,transactional,bottom,1708,35,5,-3,yes,/features/month-end-close-software-014,1,3.6
KW012,best month end close software,C02,month-end-close-software,commercial,commercial,bottom,1640,42,5,0,yes,,1,3.6
KW013,month end close software for mid size companies,C02,month-end-close-software,commercial,commercial,bottom,1572,49,5,4,yes,,1,3.6
KW014,month end close software platform,C02,month-end-close-software,commercial,commercial,bottom,1504,56,5,7,yes,,1,3.6
KW015,month end close software tools,C02,month-end-close-software,commercial,commercial,middle,1276,63,5,12,yes,,1,1.4
KW016,how to choose month end close software,C02,month-end-close-software,commercial,informational,middle,1208,70,5,18,yes,,1,1.4
KW017,month end close software pricing,C02,month-end-close-software,commercial,transactional,bottom,1140,77,5,-8,yes,,1,3.6
KW018,month end close software demo,C02,month-end-close-software,commercial,transactional,bottom,1072,25,5,-3,yes,,1,3.6
KW019,month end close software guide,C02,month-end-close-software,commercial,informational,top,1004,32,5,0,yes,,1,0.45
KW020,month end close software checklist,C02,month-end-close-software,commercial,informational,top,776,39,5,4,yes,,1,0.45
KW021,account reconciliation software,C03,account-reconciliation,commercial,transactional,bottom,1736,46,5,0,yes,/features/account-reconciliation,2,3.6
KW022,best account reconciliation software,C03,account-reconciliation,commercial,commercial,bottom,1508,53,5,4,yes,,2,3.6
KW023,account reconciliation software for mid size companies,C03,account-reconciliation,commercial,commercial,bottom,1440,60,5,7,yes,,2,3.6
KW024,account reconciliation software platform,C03,account-reconciliation,commercial,commercial,bottom,1372,67,5,12,yes,,2,3.6
KW025,account reconciliation software tools,C03,account-reconciliation,commercial,commercial,middle,1304,74,5,18,yes,,2,1.4
KW026,how to choose account reconciliation software,C03,account-reconciliation,commercial,informational,middle,1236,81,5,-8,yes,,2,1.4
KW027,account reconciliation software pricing,C03,account-reconciliation,commercial,transactional,bottom,1168,29,5,-3,yes,,2,3.6
KW028,account reconciliation software demo,C03,account-reconciliation,commercial,transactional,bottom,940,36,5,0,yes,,2,3.6
KW029,account reconciliation software guide,C03,account-reconciliation,commercial,informational,top,872,43,5,4,yes,,2,0.45
KW030,account reconciliation software checklist,C03,account-reconciliation,commercial,informational,top,804,50,5,7,yes,,2,0.45
KW031,close management software,C04,close-management,commercial,transactional,bottom,1604,57,5,4,yes,/resources/blog/close-management-024,2,3.6
KW032,best close management software,C04,close-management,commercial,commercial,bottom,1536,64,5,7,yes,,2,3.6
KW033,close management software for mid size companies,C04,close-management,commercial,commercial,bottom,1468,71,5,12,yes,,2,3.6
KW034,close management software platform,C04,close-management,commercial,commercial,bottom,1400,78,5,18,yes,,2,3.6
KW035,close management software tools,C04,close-management,commercial,commercial,middle,1172,26,5,-8,yes,,2,1.4
KW036,how to choose close management software,C04,close-management,commercial,informational,middle,1104,33,5,-3,yes,,2,1.4
KW037,close management software pricing,C04,close-management,commercial,transactional,bottom,1036,40,5,0,yes,,2,3.6
KW038,close management software demo,C04,close-management,commercial,transactional,bottom,968,47,5,4,yes,,2,3.6
KW039,close management software guide,C04,close-management,commercial,informational,top,900,54,5,7,yes,,2,0.45
KW040,close management software checklist,C04,close-management,commercial,informational,top,832,61,5,12,yes,,2,0.45
KW041,multi entity close software,C05,multi-entity-close,commercial,transactional,bottom,1632,68,5,7,yes,/resources/glossary/multi-entity-close-029,1,3.6
KW042,best multi entity close software,C05,multi-entity-close,commercial,commercial,bottom,1564,75,5,12,yes,,1,3.6
KW043,multi entity close software for mid size companies,C05,multi-entity-close,commercial,commercial,bottom,1336,82,5,18,yes,,1,3.6
KW044,multi entity close software platform,C05,multi-entity-close,commercial,commercial,bottom,1268,30,5,-8,yes,,1,3.6
KW045,multi entity close software tools,C05,multi-entity-close,commercial,commercial,middle,1200,37,5,-3,yes,,1,1.4
KW046,how to choose multi entity close software,C05,multi-entity-close,commercial,informational,middle,1132,44,5,0,yes,,1,1.4
KW047,multi entity close software pricing,C05,multi-entity-close,commercial,transactional,bottom,1064,51,5,4,yes,,1,3.6
KW048,multi entity close software demo,C05,multi-entity-close,commercial,transactional,bottom,836,58,5,7,yes,,1,3.6
KW049,multi entity close software guide,C05,multi-entity-close,commercial,informational,top,768,65,5,12,yes,,1,0.45
KW050,multi entity close software checklist,C05,multi-entity-close,commercial,informational,top,700,72,5,18,yes,,1,0.45
KW051,month end close checklist,C06,close-checklist,template,transactional,bottom,1500,79,4,12,yes,/resources/templates/month-end-close-checklist,2,3.6
KW052,best month end close checklist,C06,close-checklist,template,commercial,bottom,1432,27,4,18,yes,,2,3.6
KW053,month end close checklist for mid size companies,C06,close-checklist,template,commercial,bottom,1364,34,4,-8,yes,,2,3.6
KW054,month end close checklist platform,C06,close-checklist,template,commercial,bottom,1296,41,4,-3,yes,,2,3.6
KW055,month end close checklist tools,C06,close-checklist,template,commercial,middle,1228,48,4,0,yes,,2,1.4
KW056,how to choose month end close checklist,C06,close-checklist,template,informational,middle,1000,55,4,4,yes,,2,1.4
KW057,month end close checklist pricing,C06,close-checklist,template,transactional,bottom,932,62,4,7,yes,,2,3.6
KW058,month end close checklist demo,C06,close-checklist,template,transactional,bottom,864,69,4,12,yes,,2,3.6
KW059,month end close checklist guide,C06,close-checklist,template,informational,top,796,76,4,18,yes,,2,0.45
KW060,month end close checklist checklist,C06,close-checklist,template,informational,top,728,24,4,-8,yes,,2,0.45
KW061,month end close process,C07,close-process,educational,transactional,bottom,1528,31,4,18,yes,/solutions/close-process-015,2,3.6
KW062,best month end close process,C07,close-process,educational,commercial,bottom,1460,38,4,-8,yes,,2,3.6
KW063,month end close process for mid size companies,C07,close-process,educational,commercial,bottom,1232,45,4,-3,yes,,2,3.6
KW064,month end close process platform,C07,close-process,educational,commercial,bottom,1164,52,4,0,yes,,2,3.6
KW065,month end close process tools,C07,close-process,educational,commercial,middle,1096,59,4,4,yes,,2,1.4
KW066,how to choose month end close process,C07,close-process,educational,informational,middle,1028,66,4,7,yes,,2,1.4
KW067,month end close process pricing,C07,close-process,educational,transactional,bottom,960,73,4,12,yes,,2,3.6
KW068,month end close process demo,C07,close-process,educational,transactional,bottom,892,80,4,18,yes,,2,3.6
KW069,month end close process guide,C07,close-process,educational,informational,top,664,28,4,-8,yes,,2,0.45
KW070,month end close process checklist,C07,close-process,educational,informational,top,596,35,4,-3,yes,,2,0.45
KW071,balance sheet reconciliation,C08,balance-sheet-reconciliation,educational,transactional,bottom,1396,42,4,-8,yes,/features/balance-sheet-reconciliation-020,1,3.6
KW072,best balance sheet reconciliation,C08,balance-sheet-reconciliation,educational,commercial,bottom,1328,49,4,-3,yes,,1,3.6
KW073,balance sheet reconciliation for mid size companies,C08,balance-sheet-reconciliation,educational,commercial,bottom,1260,56,4,0,yes,,1,3.6
KW074,balance sheet reconciliation platform,C08,balance-sheet-reconciliation,educational,commercial,bottom,1192,63,4,4,yes,,1,3.6
KW075,balance sheet reconciliation tools,C08,balance-sheet-reconciliation,educational,commercial,middle,1124,70,4,7,yes,,1,1.4
KW076,how to choose balance sheet reconciliation,C08,balance-sheet-reconciliation,educational,informational,middle,896,77,4,12,yes,,1,1.4
KW077,balance sheet reconciliation pricing,C08,balance-sheet-reconciliation,educational,transactional,bottom,828,25,4,18,yes,,1,3.6
KW078,balance sheet reconciliation demo,C08,balance-sheet-reconciliation,educational,transactional,bottom,760,32,4,-8,yes,,1,3.6
KW079,balance sheet reconciliation guide,C08,balance-sheet-reconciliation,educational,informational,top,692,39,4,-3,yes,,1,0.45
KW080,balance sheet reconciliation checklist,C08,balance-sheet-reconciliation,educational,informational,top,624,46,4,0,yes,,1,0.45
KW081,netsuite month end close,C09,netsuite-close,integration,transactional,bottom,1424,53,5,-3,yes,/integrations/netsuite,2,3.6
KW082,best netsuite month end close,C09,netsuite-close,integration,commercial,bottom,1356,60,5,0,yes,,2,3.6
KW083,netsuite month end close for mid size companies,C09,netsuite-close,integration,commercial,bottom,1288,67,5,4,yes,,2,3.6
KW084,netsuite month end close platform,C09,netsuite-close,integration,commercial,bottom,1060,74,5,7,yes,,2,3.6
KW085,netsuite month end close tools,C09,netsuite-close,integration,commercial,middle,992,81,5,12,yes,,2,1.4
KW086,how to choose netsuite month end close,C09,netsuite-close,integration,informational,middle,924,29,5,18,yes,,2,1.4
KW087,netsuite month end close pricing,C09,netsuite-close,integration,transactional,bottom,856,36,5,-8,yes,,2,3.6
KW088,netsuite month end close demo,C09,netsuite-close,integration,transactional,bottom,788,43,5,-3,yes,,2,3.6
KW089,netsuite month end close guide,C09,netsuite-close,integration,informational,top,560,50,5,0,yes,,2,0.45
KW090,netsuite month end close checklist,C09,netsuite-close,integration,informational,top,492,57,5,4,yes,,2,0.45
KW091,quickbooks month end close,C10,quickbooks-close,integration,transactional,bottom,1452,64,5,0,yes,/resources/blog/quickbooks-close-030,2,3.6
KW092,best quickbooks month end close,C10,quickbooks-close,integration,commercial,bottom,1224,71,5,4,yes,,2,3.6
KW093,quickbooks month end close for mid size companies,C10,quickbooks-close,integration,commercial,bottom,1156,78,5,7,yes,,2,3.6
KW094,quickbooks month end close platform,C10,quickbooks-close,integration,commercial,bottom,1088,26,5,12,yes,,2,3.6
KW095,quickbooks month end close tools,C10,quickbooks-close,integration,commercial,middle,1020,33,5,18,yes,,2,1.4
KW096,how to choose quickbooks month end close,C10,quickbooks-close,integration,informational,middle,952,40,5,-8,yes,,2,1.4
KW097,quickbooks month end close pricing,C10,quickbooks-close,integration,transactional,bottom,724,47,5,-3,yes,,2,3.6
KW098,quickbooks month end close demo,C10,quickbooks-close,integration,transactional,bottom,656,54,5,0,yes,,2,3.6
KW099,quickbooks month end close guide,C10,quickbooks-close,integration,informational,top,588,61,5,4,yes,,2,0.45
KW100,quickbooks month end close checklist,C10,quickbooks-close,integration,informational,top,520,68,5,7,yes,,2,0.45
KW101,sap financial close automation,C11,sap-close,integration,transactional,bottom,1320,75,5,4,planned_m8,/integrations/sap,1,3.6
KW102,best sap financial close automation,C11,sap-close,integration,commercial,bottom,1252,82,5,7,planned_m8,,1,3.6
KW103,sap financial close automation for mid size companies,C11,sap-close,integration,commercial,bottom,1184,30,5,12,planned_m8,,1,3.6
KW104,sap financial close automation platform,C11,sap-close,integration,commercial,bottom,1116,37,5,18,planned_m8,,1,3.6
KW105,sap financial close automation tools,C11,sap-close,integration,commercial,middle,888,44,5,-8,planned_m8,,1,1.4
KW106,how to choose sap financial close automation,C11,sap-close,integration,informational,middle,820,51,5,-3,planned_m8,,1,1.4
KW107,sap financial close automation pricing,C11,sap-close,integration,transactional,bottom,752,58,5,0,planned_m8,,1,3.6
KW108,sap financial close automation demo,C11,sap-close,integration,transactional,bottom,684,65,5,4,planned_m8,,1,3.6
KW109,sap financial close automation guide,C11,sap-close,integration,informational,top,616,72,5,7,planned_m8,,1,0.45
KW110,sap financial close automation checklist,C11,sap-close,integration,informational,top,388,79,5,12,planned_m8,,1,0.45
KW111,audit ready close,C12,audit-readiness,solution,transactional,bottom,1348,27,4,7,yes,/case-studys/audit-readiness-016,2,3.6
KW112,best audit ready close,C12,audit-readiness,solution,commercial,bottom,1120,34,4,12,yes,,2,3.6
KW113,audit ready close for mid size companies,C12,audit-readiness,solution,commercial,bottom,1052,41,4,18,yes,,2,3.6
KW114,audit ready close platform,C12,audit-readiness,solution,commercial,bottom,984,48,4,-8,yes,,2,3.6
KW115,audit ready close tools,C12,audit-readiness,solution,commercial,middle,916,55,4,-3,yes,,2,1.4
KW116,how to choose audit ready close,C12,audit-readiness,solution,informational,middle,848,62,4,0,yes,,2,1.4
KW117,audit ready close pricing,C12,audit-readiness,solution,transactional,bottom,780,69,4,4,yes,,2,3.6
KW118,audit ready close demo,C12,audit-readiness,solution,transactional,bottom,552,76,4,7,yes,,2,3.6
KW119,audit ready close guide,C12,audit-readiness,solution,informational,top,484,24,4,12,yes,,2,0.45
KW120,audit ready close checklist,C12,audit-readiness,solution,informational,top,416,31,4,18,yes,,2,0.45
KW121,financial close automation,C13,close-automation,commercial,transactional,bottom,1216,38,5,12,yes,/product/close-automation,2,3.6
KW122,best financial close automation,C13,close-automation,commercial,commercial,bottom,1148,45,5,18,yes,,2,3.6
KW123,financial close automation for mid size companies,C13,close-automation,commercial,commercial,bottom,1080,52,5,-8,yes,,2,3.6
KW124,financial close automation platform,C13,close-automation,commercial,commercial,bottom,1012,59,5,-3,yes,,2,3.6
KW125,financial close automation tools,C13,close-automation,commercial,commercial,middle,784,66,5,0,yes,,2,1.4
KW126,how to choose financial close automation,C13,close-automation,commercial,informational,middle,716,73,5,4,yes,,2,1.4
KW127,financial close automation pricing,C13,close-automation,commercial,transactional,bottom,648,80,5,7,yes,,2,3.6
KW128,financial close automation demo,C13,close-automation,commercial,transactional,bottom,580,28,5,12,yes,,2,3.6
KW129,financial close automation guide,C13,close-automation,commercial,informational,top,512,35,5,18,yes,,2,0.45
KW130,financial close automation checklist,C13,close-automation,commercial,informational,top,444,42,5,-8,yes,,2,0.45
KW131,month end close reporting,C14,close-reporting,feature,transactional,bottom,1244,49,5,18,yes,/features/close-reporting-026,1,3.6
KW132,best month end close reporting,C14,close-reporting,feature,commercial,bottom,1176,56,5,-8,yes,,1,3.6
KW133,month end close reporting for mid size companies,C14,close-reporting,feature,commercial,bottom,948,63,5,-3,yes,,1,3.6
KW134,month end close reporting platform,C14,close-reporting,feature,commercial,bottom,880,70,5,0,yes,,1,3.6
KW135,month end close reporting tools,C14,close-reporting,feature,commercial,middle,812,77,5,4,yes,,1,1.4
KW136,how to choose month end close reporting,C14,close-reporting,feature,informational,middle,744,25,5,7,yes,,1,1.4
KW137,month end close reporting pricing,C14,close-reporting,feature,transactional,bottom,676,32,5,12,yes,,1,3.6
KW138,month end close reporting demo,C14,close-reporting,feature,transactional,bottom,448,39,5,18,yes,,1,3.6
KW139,month end close reporting guide,C14,close-reporting,feature,informational,top,380,46,5,-8,yes,,1,0.45
KW140,month end close reporting checklist,C14,close-reporting,feature,informational,top,312,53,5,-3,yes,,1,0.45
KW141,flux analysis software,C15,flux-analysis,feature,transactional,bottom,1112,60,5,-8,yes,/resources/guide/flux-analysis-031,2,3.6
KW142,best flux analysis software,C15,flux-analysis,feature,commercial,bottom,1044,67,5,-3,yes,,2,3.6
KW143,flux analysis software for mid size companies,C15,flux-analysis,feature,commercial,bottom,976,74,5,0,yes,,2,3.6
KW144,flux analysis software platform,C15,flux-analysis,feature,commercial,bottom,908,81,5,4,yes,,2,3.6
KW145,flux analysis software tools,C15,flux-analysis,feature,commercial,middle,840,29,5,7,yes,,2,1.4
KW146,how to choose flux analysis software,C15,flux-analysis,feature,informational,middle,612,36,5,12,yes,,2,1.4
KW147,flux analysis software pricing,C15,flux-analysis,feature,transactional,bottom,544,43,5,18,yes,,2,3.6
KW148,flux analysis software demo,C15,flux-analysis,feature,transactional,bottom,476,50,5,-8,yes,,2,3.6
KW149,flux analysis software guide,C15,flux-analysis,feature,informational,top,408,57,5,-3,yes,,2,0.45
KW150,flux analysis software checklist,C15,flux-analysis,feature,informational,top,340,64,5,0,yes,,2,0.45
KW151,intercompany reconciliation software,C16,intercompany-reconciliation,feature,transactional,bottom,1140,71,2,-3,planned_m11_beta,/resources/blog/intercompany-reconciliation-012,2,3.6
KW152,best intercompany reconciliation software,C16,intercompany-reconciliation,feature,commercial,bottom,1072,78,2,0,planned_m11_beta,,2,3.6
KW153,intercompany reconciliation software for mid size companies,C16,intercompany-reconciliation,feature,commercial,bottom,844,26,2,4,planned_m11_beta,,2,3.6
KW154,intercompany reconciliation software platform,C16,intercompany-reconciliation,feature,commercial,bottom,776,33,2,7,planned_m11_beta,,2,3.6
KW155,intercompany reconciliation software tools,C16,intercompany-reconciliation,feature,commercial,middle,708,40,2,12,planned_m11_beta,,2,1.4
KW156,how to choose intercompany reconciliation software,C16,intercompany-reconciliation,feature,informational,middle,640,47,2,18,planned_m11_beta,,2,1.4
KW157,intercompany reconciliation software pricing,C16,intercompany-reconciliation,feature,transactional,bottom,572,54,2,-8,planned_m11_beta,,2,3.6
KW158,intercompany reconciliation software demo,C16,intercompany-reconciliation,feature,transactional,bottom,504,61,2,-3,planned_m11_beta,,2,3.6
KW159,intercompany reconciliation software guide,C16,intercompany-reconciliation,feature,informational,top,276,68,2,0,planned_m11_beta,,2,0.45
KW160,intercompany reconciliation software checklist,C16,intercompany-reconciliation,feature,informational,top,208,75,2,4,planned_m11_beta,,2,0.45
KW161,financial close roi calculator,C17,close-roi,tool,transactional,bottom,1008,82,4,0,yes,/resources/glossary/close-roi-017,1,3.6
KW162,best financial close roi calculator,C17,close-roi,tool,commercial,bottom,940,30,4,4,yes,,1,3.6
KW163,financial close roi calculator for mid size companies,C17,close-roi,tool,commercial,bottom,872,37,4,7,yes,,1,3.6
KW164,financial close roi calculator platform,C17,close-roi,tool,commercial,bottom,804,44,4,12,yes,,1,3.6
KW165,financial close roi calculator tools,C17,close-roi,tool,commercial,middle,736,51,4,18,yes,,1,1.4
KW166,how to choose financial close roi calculator,C17,close-roi,tool,informational,middle,508,58,4,-8,yes,,1,1.4
KW167,financial close roi calculator pricing,C17,close-roi,tool,transactional,bottom,440,65,4,-3,yes,,1,3.6
KW168,financial close roi calculator demo,C17,close-roi,tool,transactional,bottom,372,72,4,0,yes,,1,3.6
KW169,financial close roi calculator guide,C17,close-roi,tool,informational,top,304,79,4,4,yes,,1,0.45
KW170,financial close roi calculator checklist,C17,close-roi,tool,informational,top,236,27,4,7,yes,,1,0.45
KW171,month end close benchmark,C18,close-benchmark,research,transactional,bottom,1036,34,4,4,yes,/case-studys/close-benchmark-022,2,3.6
KW172,best month end close benchmark,C18,close-benchmark,research,commercial,bottom,968,41,4,7,yes,,2,3.6
KW173,month end close benchmark for mid size companies,C18,close-benchmark,research,commercial,bottom,900,48,4,12,yes,,2,3.6
KW174,month end close benchmark platform,C18,close-benchmark,research,commercial,bottom,672,55,4,18,yes,,2,3.6
KW175,month end close benchmark tools,C18,close-benchmark,research,commercial,middle,604,62,4,-8,yes,,2,1.4
KW176,how to choose month end close benchmark,C18,close-benchmark,research,informational,middle,536,69,4,-3,yes,,2,1.4
KW177,month end close benchmark pricing,C18,close-benchmark,research,transactional,bottom,468,76,4,0,yes,,2,3.6
KW178,month end close benchmark demo,C18,close-benchmark,research,transactional,bottom,400,24,4,4,yes,,2,3.6
KW179,month end close benchmark guide,C18,close-benchmark,research,informational,top,332,31,4,7,yes,,2,0.45
KW180,month end close benchmark checklist,C18,close-benchmark,research,informational,top,104,38,4,12,yes,,2,0.45
KW181,numericone alternative,C19,numericone-comparison,comparison,transactional,bottom,886,45,5,7,yes,/solutions/numericone-comparison-027,2,3.6
KW182,best numericone alternative,C19,numericone-comparison,comparison,commercial,bottom,838,52,5,12,yes,,2,3.6
KW183,numericone alternative for mid size companies,C19,numericone-comparison,comparison,commercial,bottom,790,59,5,18,yes,,2,3.6
KW184,numericone alternative platform,C19,numericone-comparison,comparison,commercial,bottom,742,66,5,-8,yes,,2,3.6
KW185,numericone alternative tools,C19,numericone-comparison,comparison,commercial,middle,694,73,5,-3,yes,,2,1.4
KW186,how to choose numericone alternative,C19,numericone-comparison,comparison,informational,middle,646,80,5,0,yes,,2,1.4
KW187,numericone alternative pricing,C19,numericone-comparison,comparison,transactional,bottom,598,28,5,4,yes,,2,3.6
KW188,numericone alternative demo,C19,numericone-comparison,comparison,transactional,bottom,550,35,5,7,yes,,2,3.6
KW189,numericone alternative guide,C19,numericone-comparison,comparison,informational,top,502,42,5,12,yes,,2,0.45
KW190,numericone alternative checklist,C19,numericone-comparison,comparison,informational,top,454,49,5,18,yes,,2,0.45
KW191,reconflow alternative,C20,reconflow-comparison,comparison,transactional,bottom,893,56,5,12,yes,/features/reconflow-comparison-008,1,3.6
KW192,best reconflow alternative,C20,reconflow-comparison,comparison,commercial,bottom,845,63,5,18,yes,,1,3.6
KW193,reconflow alternative for mid size companies,C20,reconflow-comparison,comparison,commercial,bottom,797,70,5,-8,yes,,1,3.6
KW194,reconflow alternative platform,C20,reconflow-comparison,comparison,commercial,bottom,749,77,5,-3,yes,,1,3.6
KW195,reconflow alternative tools,C20,reconflow-comparison,comparison,commercial,middle,701,25,5,0,yes,,1,1.4
KW196,how to choose reconflow alternative,C20,reconflow-comparison,comparison,informational,middle,653,32,5,4,yes,,1,1.4
KW197,reconflow alternative pricing,C20,reconflow-comparison,comparison,transactional,bottom,605,39,5,7,yes,,1,3.6
KW198,reconflow alternative demo,C20,reconflow-comparison,comparison,transactional,bottom,557,46,5,12,yes,,1,3.6
KW199,reconflow alternative guide,C20,reconflow-comparison,comparison,informational,top,509,53,5,18,yes,,1,0.45
KW200,reconflow alternative checklist,C20,reconflow-comparison,comparison,informational,top,461,60,5,-8,yes,,1,0.45
KW201,monthendly alternative,C21,monthendly-comparison,comparison,transactional,bottom,900,67,5,18,yes,/resources/guide/monthendly-comparison-013,2,3.6
KW202,best monthendly alternative,C21,monthendly-comparison,comparison,commercial,bottom,852,74,5,-8,yes,,2,3.6
KW203,monthendly alternative for mid size companies,C21,monthendly-comparison,comparison,commercial,bottom,804,81,5,-3,yes,,2,3.6
KW204,monthendly alternative platform,C21,monthendly-comparison,comparison,commercial,bottom,756,29,5,0,yes,,2,3.6
KW205,monthendly alternative tools,C21,monthendly-comparison,comparison,commercial,middle,708,36,5,4,yes,,2,1.4
KW206,how to choose monthendly alternative,C21,monthendly-comparison,comparison,informational,middle,660,43,5,7,yes,,2,1.4
KW207,monthendly alternative pricing,C21,monthendly-comparison,comparison,transactional,bottom,612,50,5,12,yes,,2,3.6
KW208,monthendly alternative demo,C21,monthendly-comparison,comparison,transactional,bottom,564,57,5,18,yes,,2,3.6
KW209,monthendly alternative guide,C21,monthendly-comparison,comparison,informational,top,516,64,5,-8,yes,,2,0.45
KW210,monthendly alternative checklist,C21,monthendly-comparison,comparison,informational,top,468,71,5,-3,yes,,2,0.45
KW211,ledgerbeam alternative,C22,ledgerbeam-comparison,comparison,transactional,bottom,907,78,5,-8,yes,/resources/blog/ledgerbeam-comparison-018,2,3.6
KW212,best ledgerbeam alternative,C22,ledgerbeam-comparison,comparison,commercial,bottom,859,26,5,-3,yes,,2,3.6
KW213,ledgerbeam alternative for mid size companies,C22,ledgerbeam-comparison,comparison,commercial,bottom,811,33,5,0,yes,,2,3.6
KW214,ledgerbeam alternative platform,C22,ledgerbeam-comparison,comparison,commercial,bottom,763,40,5,4,yes,,2,3.6
KW215,ledgerbeam alternative tools,C22,ledgerbeam-comparison,comparison,commercial,middle,715,47,5,7,yes,,2,1.4
KW216,how to choose ledgerbeam alternative,C22,ledgerbeam-comparison,comparison,informational,middle,667,54,5,12,yes,,2,1.4
KW217,ledgerbeam alternative pricing,C22,ledgerbeam-comparison,comparison,transactional,bottom,619,61,5,18,yes,,2,3.6
KW218,ledgerbeam alternative demo,C22,ledgerbeam-comparison,comparison,transactional,bottom,571,68,5,-8,yes,,2,3.6
KW219,ledgerbeam alternative guide,C22,ledgerbeam-comparison,comparison,informational,top,523,75,5,-3,yes,,2,0.45
KW220,ledgerbeam alternative checklist,C22,ledgerbeam-comparison,comparison,informational,top,475,82,5,0,yes,,2,0.45
KW221,clearclose alternative,C23,clearclose-comparison,comparison,transactional,bottom,914,30,5,-3,yes,/resources/glossary/clearclose-comparison-023,1,3.6
KW222,best clearclose alternative,C23,clearclose-comparison,comparison,commercial,bottom,866,37,5,0,yes,,1,3.6
KW223,clearclose alternative for mid size companies,C23,clearclose-comparison,comparison,commercial,bottom,818,44,5,4,yes,,1,3.6
KW224,clearclose alternative platform,C23,clearclose-comparison,comparison,commercial,bottom,770,51,5,7,yes,,1,3.6
KW225,clearclose alternative tools,C23,clearclose-comparison,comparison,commercial,middle,722,58,5,12,yes,,1,1.4
KW226,how to choose clearclose alternative,C23,clearclose-comparison,comparison,informational,middle,674,65,5,18,yes,,1,1.4
KW227,clearclose alternative pricing,C23,clearclose-comparison,comparison,transactional,bottom,626,72,5,-8,yes,,1,3.6
KW228,clearclose alternative demo,C23,clearclose-comparison,comparison,transactional,bottom,578,79,5,-3,yes,,1,3.6
KW229,clearclose alternative guide,C23,clearclose-comparison,comparison,informational,top,530,27,5,0,yes,,1,0.45
KW230,clearclose alternative checklist,C23,clearclose-comparison,comparison,informational,top,482,34,5,4,yes,,1,0.45
KW231,financial close glossary,C24,close-glossary,educational,transactional,bottom,724,41,4,0,yes,/case-studys/close-glossary-028,2,3.6
KW232,best financial close glossary,C24,close-glossary,educational,commercial,bottom,656,48,4,4,yes,,2,3.6
KW233,financial close glossary for mid size companies,C24,close-glossary,educational,commercial,bottom,588,55,4,7,yes,,2,3.6
KW234,financial close glossary platform,C24,close-glossary,educational,commercial,bottom,520,62,4,12,yes,,2,3.6
KW235,financial close glossary tools,C24,close-glossary,educational,commercial,middle,452,69,4,18,yes,,2,1.4
KW236,how to choose financial close glossary,C24,close-glossary,educational,informational,middle,224,76,4,-8,yes,,2,1.4
KW237,financial close glossary pricing,C24,close-glossary,educational,transactional,bottom,156,24,4,-3,yes,,2,3.6
KW238,financial close glossary demo,C24,close-glossary,educational,transactional,bottom,88,31,4,0,yes,,2,3.6
KW239,financial close glossary guide,C24,close-glossary,educational,informational,top,40,38,4,4,yes,,2,0.45
KW240,financial close glossary checklist,C24,close-glossary,educational,informational,top,40,45,4,7,yes,,2,0.45
