event_id,project_id,title,start,end,attendee_ids,linked_request_id,sensitivity
CAL-HIST-0001,PRJ-HARBOR,Archived coordination 001,2026-08-04T10:00:00-04:00,2026-08-04T10:30:00-04:00,ELI|DIEGO,,team
CAL-HIST-0002,PRJ-LANTERN,Archived coordination 002,2026-08-05T11:00:00-04:00,2026-08-05T11:30:00-04:00,NOOR|JONAH,,team
CAL-HIST-0003,PRJ-ORBIT,Archived coordination 003,2026-08-06T12:00:00-04:00,2026-08-06T12:30:00-04:00,PRIYA|LANA,,team
CAL-HIST-0004,PRJ-HARBOR,Archived coordination 004,2026-08-07T13:00:00-04:00,2026-08-07T13:30:00-04:00,DIEGO|AVA,,team
CAL-HIST-0005,PRJ-LANTERN,Archived coordination 005,2026-08-10T14:00:00-04:00,2026-08-10T14:30:00-04:00,JONAH|COLE,,team
CAL-HIST-0006,PRJ-ORBIT,Archived coordination 006,2026-08-10T15:00:00-04:00,2026-08-10T15:30:00-04:00,LANA|OWEN,,team
CAL-HIST-0007,PRJ-HARBOR,Archived coordination 007,2026-08-10T09:00:00-04:00,2026-08-10T09:30:00-04:00,AVA|MIRA,,team
CAL-HIST-0008,PRJ-LANTERN,Archived coordination 008,2026-08-11T10:00:00-04:00,2026-08-11T10:30:00-04:00,COLE|SAM,,team
CAL-HIST-0009,PRJ-ORBIT,Archived coordination 009,2026-08-12T11:00:00-04:00,2026-08-12T11:30:00-04:00,OWEN|NINA,,team
CAL-HIST-0010,PRJ-HARBOR,Archived coordination 010,2026-08-13T12:00:00-04:00,2026-08-13T12:30:00-04:00,MIRA|TESS,,team
CAL-HIST-0011,PRJ-LANTERN,Archived coordination 011,2026-08-14T13:00:00-04:00,2026-08-14T13:30:00-04:00,SAM|YU,,team
CAL-HIST-0012,PRJ-ORBIT,Archived coordination 012,2026-08-17T14:00:00-04:00,2026-08-17T14:30:00-04:00,NINA|MAYA,,team
CAL-HIST-0013,PRJ-HARBOR,Archived coordination 013,2026-08-17T15:00:00-04:00,2026-08-17T15:30:00-04:00,TESS|ELI,,team
CAL-HIST-0014,PRJ-LANTERN,Archived coordination 014,2026-08-17T09:00:00-04:00,2026-08-17T09:30:00-04:00,YU|NOOR,,team
CAL-HIST-0015,PRJ-ORBIT,Archived coordination 015,2026-08-18T10:00:00-04:00,2026-08-18T10:30:00-04:00,MAYA|PRIYA,,team
CAL-HIST-0016,PRJ-HARBOR,Archived coordination 016,2026-08-19T11:00:00-04:00,2026-08-19T11:30:00-04:00,ELI|DIEGO,,team
CAL-HIST-0017,PRJ-LANTERN,Archived coordination 017,2026-08-20T12:00:00-04:00,2026-08-20T12:30:00-04:00,NOOR|JONAH,,team
CAL-HIST-0018,PRJ-ORBIT,Archived coordination 018,2026-08-21T13:00:00-04:00,2026-08-21T13:30:00-04:00,PRIYA|LANA,,team
CAL-HIST-0019,PRJ-HARBOR,Archived coordination 019,2026-08-24T14:00:00-04:00,2026-08-24T14:30:00-04:00,DIEGO|AVA,,team
CAL-HIST-0020,PRJ-LANTERN,Archived coordination 020,2026-08-24T15:00:00-04:00,2026-08-24T15:30:00-04:00,JONAH|COLE,,team
CAL-HIST-0021,PRJ-ORBIT,Archived coordination 021,2026-08-24T09:00:00-04:00,2026-08-24T09:30:00-04:00,LANA|OWEN,,team
CAL-HIST-0022,PRJ-HARBOR,Archived coordination 022,2026-08-25T10:00:00-04:00,2026-08-25T10:30:00-04:00,AVA|MIRA,,team
CAL-HIST-0023,PRJ-LANTERN,Archived coordination 023,2026-08-26T11:00:00-04:00,2026-08-26T11:30:00-04:00,COLE|SAM,,team
CAL-HIST-0024,PRJ-ORBIT,Archived coordination 024,2026-08-27T12:00:00-04:00,2026-08-27T12:30:00-04:00,OWEN|NINA,,team
CAL-HIST-0025,PRJ-HARBOR,Archived coordination 025,2026-08-28T13:00:00-04:00,2026-08-28T13:30:00-04:00,MIRA|TESS,,team
CAL-HIST-0026,PRJ-LANTERN,Archived coordination 026,2026-08-31T14:00:00-04:00,2026-08-31T14:30:00-04:00,SAM|YU,,team
CAL-HIST-0027,PRJ-ORBIT,Archived coordination 027,2026-08-31T15:00:00-04:00,2026-08-31T15:30:00-04:00,NINA|MAYA,,team
CAL-HIST-0028,PRJ-HARBOR,Archived coordination 028,2026-08-31T09:00:00-04:00,2026-08-31T09:30:00-04:00,TESS|ELI,,team
CAL-HIST-0029,PRJ-LANTERN,Archived coordination 029,2026-09-01T10:00:00-04:00,2026-09-01T10:30:00-04:00,YU|NOOR,,team
CAL-HIST-0030,PRJ-ORBIT,Archived coordination 030,2026-09-02T11:00:00-04:00,2026-09-02T11:30:00-04:00,MAYA|PRIYA,,team
CAL-HIST-0031,PRJ-HARBOR,Archived coordination 031,2026-09-03T12:00:00-04:00,2026-09-03T12:30:00-04:00,ELI|DIEGO,,team
CAL-HIST-0032,PRJ-LANTERN,Archived coordination 032,2026-09-04T13:00:00-04:00,2026-09-04T13:30:00-04:00,NOOR|JONAH,,team
CAL-HIST-0033,PRJ-ORBIT,Archived coordination 033,2026-09-07T14:00:00-04:00,2026-09-07T14:30:00-04:00,PRIYA|LANA,,team
CAL-HIST-0034,PRJ-HARBOR,Archived coordination 034,2026-09-07T15:00:00-04:00,2026-09-07T15:30:00-04:00,DIEGO|AVA,,team
CAL-HIST-0035,PRJ-LANTERN,Archived coordination 035,2026-09-07T09:00:00-04:00,2026-09-07T09:30:00-04:00,JONAH|COLE,,team
CAL-HIST-0036,PRJ-ORBIT,Archived coordination 036,2026-09-08T10:00:00-04:00,2026-09-08T10:30:00-04:00,LANA|OWEN,,team
CAL-HIST-0037,PRJ-HARBOR,Archived coordination 037,2026-09-09T11:00:00-04:00,2026-09-09T11:30:00-04:00,AVA|MIRA,,team
CAL-HIST-0038,PRJ-LANTERN,Archived coordination 038,2026-09-10T12:00:00-04:00,2026-09-10T12:30:00-04:00,COLE|SAM,,team
CAL-HIST-0039,PRJ-ORBIT,Archived coordination 039,2026-09-11T13:00:00-04:00,2026-09-11T13:30:00-04:00,OWEN|NINA,,team
CAL-HIST-0040,PRJ-HARBOR,Archived coordination 040,2026-09-14T14:00:00-04:00,2026-09-14T14:30:00-04:00,MIRA|TESS,,team
CAL-HIST-0041,PRJ-LANTERN,Archived coordination 041,2026-09-14T15:00:00-04:00,2026-09-14T15:30:00-04:00,SAM|YU,,team
CAL-HIST-0042,PRJ-ORBIT,Archived coordination 042,2026-08-03T09:00:00-04:00,2026-08-03T09:30:00-04:00,NINA|MAYA,,team
CAL-HIST-0043,PRJ-HARBOR,Archived coordination 043,2026-08-04T10:00:00-04:00,2026-08-04T10:30:00-04:00,TESS|ELI,,team
CAL-HIST-0044,PRJ-LANTERN,Archived coordination 044,2026-08-05T11:00:00-04:00,2026-08-05T11:30:00-04:00,YU|NOOR,,team
CAL-HIST-0045,PRJ-ORBIT,Archived coordination 045,2026-08-06T12:00:00-04:00,2026-08-06T12:30:00-04:00,MAYA|PRIYA,,team
CAL-HIST-0046,PRJ-HARBOR,Archived coordination 046,2026-08-07T13:00:00-04:00,2026-08-07T13:30:00-04:00,ELI|DIEGO,,team
CAL-HIST-0047,PRJ-LANTERN,Archived coordination 047,2026-08-10T14:00:00-04:00,2026-08-10T14:30:00-04:00,NOOR|JONAH,,team
CAL-HIST-0048,PRJ-ORBIT,Archived coordination 048,2026-08-10T15:00:00-04:00,2026-08-10T15:30:00-04:00,PRIYA|LANA,,team
CAL-HIST-0049,PRJ-HARBOR,Archived coordination 049,2026-08-10T09:00:00-04:00,2026-08-10T09:30:00-04:00,DIEGO|AVA,,team
CAL-HIST-0050,PRJ-LANTERN,Archived coordination 050,2026-08-11T10:00:00-04:00,2026-08-11T10:30:00-04:00,JONAH|COLE,,team
CAL-HIST-0051,PRJ-ORBIT,Archived coordination 051,2026-08-12T11:00:00-04:00,2026-08-12T11:30:00-04:00,LANA|OWEN,,team
CAL-HIST-0052,PRJ-HARBOR,Archived coordination 052,2026-08-13T12:00:00-04:00,2026-08-13T12:30:00-04:00,AVA|MIRA,,team
CAL-HIST-0053,PRJ-LANTERN,Archived coordination 053,2026-08-14T13:00:00-04:00,2026-08-14T13:30:00-04:00,COLE|SAM,,team
CAL-HIST-0054,PRJ-ORBIT,Archived coordination 054,2026-08-17T14:00:00-04:00,2026-08-17T14:30:00-04:00,OWEN|NINA,,team
CAL-HIST-0055,PRJ-HARBOR,Archived coordination 055,2026-08-17T15:00:00-04:00,2026-08-17T15:30:00-04:00,MIRA|TESS,,team
CAL-HIST-0056,PRJ-LANTERN,Archived coordination 056,2026-08-17T09:00:00-04:00,2026-08-17T09:30:00-04:00,SAM|YU,,team
CAL-HIST-0057,PRJ-ORBIT,Archived coordination 057,2026-08-18T10:00:00-04:00,2026-08-18T10:30:00-04:00,NINA|MAYA,,team
CAL-HIST-0058,PRJ-HARBOR,Archived coordination 058,2026-08-19T11:00:00-04:00,2026-08-19T11:30:00-04:00,TESS|ELI,,team
CAL-HIST-0059,PRJ-LANTERN,Archived coordination 059,2026-08-20T12:00:00-04:00,2026-08-20T12:30:00-04:00,YU|NOOR,,team
CAL-HIST-0060,PRJ-ORBIT,Archived coordination 060,2026-08-21T13:00:00-04:00,2026-08-21T13:30:00-04:00,MAYA|PRIYA,,team
CAL-HIST-0061,PRJ-HARBOR,Archived coordination 061,2026-08-24T14:00:00-04:00,2026-08-24T14:30:00-04:00,ELI|DIEGO,,team
CAL-HIST-0062,PRJ-LANTERN,Archived coordination 062,2026-08-24T15:00:00-04:00,2026-08-24T15:30:00-04:00,NOOR|JONAH,,team
CAL-HIST-0063,PRJ-ORBIT,Archived coordination 063,2026-08-24T09:00:00-04:00,2026-08-24T09:30:00-04:00,PRIYA|LANA,,team
CAL-HIST-0064,PRJ-HARBOR,Archived coordination 064,2026-08-25T10:00:00-04:00,2026-08-25T10:30:00-04:00,DIEGO|AVA,,team
CAL-HIST-0065,PRJ-LANTERN,Archived coordination 065,2026-08-26T11:00:00-04:00,2026-08-26T11:30:00-04:00,JONAH|COLE,,team
CAL-HIST-0066,PRJ-ORBIT,Archived coordination 066,2026-08-27T12:00:00-04:00,2026-08-27T12:30:00-04:00,LANA|OWEN,,team
CAL-HIST-0067,PRJ-HARBOR,Archived coordination 067,2026-08-28T13:00:00-04:00,2026-08-28T13:30:00-04:00,AVA|MIRA,,team
CAL-HIST-0068,PRJ-LANTERN,Archived coordination 068,2026-08-31T14:00:00-04:00,2026-08-31T14:30:00-04:00,COLE|SAM,,team
CAL-HIST-0069,PRJ-ORBIT,Archived coordination 069,2026-08-31T15:00:00-04:00,2026-08-31T15:30:00-04:00,OWEN|NINA,,team
CAL-HIST-0070,PRJ-HARBOR,Archived coordination 070,2026-08-31T09:00:00-04:00,2026-08-31T09:30:00-04:00,MIRA|TESS,,team
CAL-HIST-0071,PRJ-LANTERN,Archived coordination 071,2026-09-01T10:00:00-04:00,2026-09-01T10:30:00-04:00,SAM|YU,,team
CAL-HIST-0072,PRJ-ORBIT,Archived coordination 072,2026-09-02T11:00:00-04:00,2026-09-02T11:30:00-04:00,NINA|MAYA,,team
CAL-HIST-0073,PRJ-HARBOR,Archived coordination 073,2026-09-03T12:00:00-04:00,2026-09-03T12:30:00-04:00,TESS|ELI,,team
CAL-HIST-0074,PRJ-LANTERN,Archived coordination 074,2026-09-04T13:00:00-04:00,2026-09-04T13:30:00-04:00,YU|NOOR,,team
CAL-HIST-0075,PRJ-ORBIT,Archived coordination 075,2026-09-07T14:00:00-04:00,2026-09-07T14:30:00-04:00,MAYA|PRIYA,,team
CAL-HIST-0076,PRJ-HARBOR,Archived coordination 076,2026-09-07T15:00:00-04:00,2026-09-07T15:30:00-04:00,ELI|DIEGO,,team
CAL-HIST-0077,PRJ-LANTERN,Archived coordination 077,2026-09-07T09:00:00-04:00,2026-09-07T09:30:00-04:00,NOOR|JONAH,,team
CAL-HIST-0078,PRJ-ORBIT,Archived coordination 078,2026-09-08T10:00:00-04:00,2026-09-08T10:30:00-04:00,PRIYA|LANA,,team
CAL-HIST-0079,PRJ-HARBOR,Archived coordination 079,2026-09-09T11:00:00-04:00,2026-09-09T11:30:00-04:00,DIEGO|AVA,,team
CAL-HIST-0080,PRJ-LANTERN,Archived coordination 080,2026-09-10T12:00:00-04:00,2026-09-10T12:30:00-04:00,JONAH|COLE,,team
CAL-HIST-0081,PRJ-ORBIT,Archived coordination 081,2026-09-11T13:00:00-04:00,2026-09-11T13:30:00-04:00,LANA|OWEN,,team
CAL-HIST-0082,PRJ-HARBOR,Archived coordination 082,2026-09-14T14:00:00-04:00,2026-09-14T14:30:00-04:00,AVA|MIRA,,team
CAL-HIST-0083,PRJ-LANTERN,Archived coordination 083,2026-09-14T15:00:00-04:00,2026-09-14T15:30:00-04:00,COLE|SAM,,team
CAL-HIST-0084,PRJ-ORBIT,Archived coordination 084,2026-08-03T09:00:00-04:00,2026-08-03T09:30:00-04:00,OWEN|NINA,,team
CAL-HIST-0085,PRJ-HARBOR,Archived coordination 085,2026-08-04T10:00:00-04:00,2026-08-04T10:30:00-04:00,MIRA|TESS,,team
CAL-HIST-0086,PRJ-LANTERN,Archived coordination 086,2026-08-05T11:00:00-04:00,2026-08-05T11:30:00-04:00,SAM|YU,,team
CAL-HIST-0087,PRJ-ORBIT,Archived coordination 087,2026-08-06T12:00:00-04:00,2026-08-06T12:30:00-04:00,NINA|MAYA,,team
CAL-HIST-0088,PRJ-HARBOR,Archived coordination 088,2026-08-07T13:00:00-04:00,2026-08-07T13:30:00-04:00,TESS|ELI,,team
CAL-HIST-0089,PRJ-LANTERN,Archived coordination 089,2026-08-10T14:00:00-04:00,2026-08-10T14:30:00-04:00,YU|NOOR,,team
CAL-HIST-0090,PRJ-ORBIT,Archived coordination 090,2026-08-10T15:00:00-04:00,2026-08-10T15:30:00-04:00,MAYA|PRIYA,,team
CAL-HIST-0091,PRJ-HARBOR,Archived coordination 091,2026-08-10T09:00:00-04:00,2026-08-10T09:30:00-04:00,ELI|DIEGO,,team
CAL-HIST-0092,PRJ-LANTERN,Archived coordination 092,2026-08-11T10:00:00-04:00,2026-08-11T10:30:00-04:00,NOOR|JONAH,,team
CAL-HIST-0093,PRJ-ORBIT,Archived coordination 093,2026-08-12T11:00:00-04:00,2026-08-12T11:30:00-04:00,PRIYA|LANA,,team
CAL-HIST-0094,PRJ-HARBOR,Archived coordination 094,2026-08-13T12:00:00-04:00,2026-08-13T12:30:00-04:00,DIEGO|AVA,,team
CAL-HIST-0095,PRJ-LANTERN,Archived coordination 095,2026-08-14T13:00:00-04:00,2026-08-14T13:30:00-04:00,JONAH|COLE,,team
CAL-HIST-0096,PRJ-ORBIT,Archived coordination 096,2026-08-17T14:00:00-04:00,2026-08-17T14:30:00-04:00,LANA|OWEN,,team
CAL-HIST-0097,PRJ-HARBOR,Archived coordination 097,2026-08-17T15:00:00-04:00,2026-08-17T15:30:00-04:00,AVA|MIRA,,team
CAL-HIST-0098,PRJ-LANTERN,Archived coordination 098,2026-08-17T09:00:00-04:00,2026-08-17T09:30:00-04:00,COLE|SAM,,team
CAL-HIST-0099,PRJ-ORBIT,Archived coordination 099,2026-08-18T10:00:00-04:00,2026-08-18T10:30:00-04:00,OWEN|NINA,,team
CAL-HIST-0100,PRJ-HARBOR,Archived coordination 100,2026-08-19T11:00:00-04:00,2026-08-19T11:30:00-04:00,MIRA|TESS,,team
CAL-HIST-0101,PRJ-LANTERN,Archived coordination 101,2026-08-20T12:00:00-04:00,2026-08-20T12:30:00-04:00,SAM|YU,,team
CAL-HIST-0102,PRJ-ORBIT,Archived coordination 102,2026-08-21T13:00:00-04:00,2026-08-21T13:30:00-04:00,NINA|MAYA,,team
CAL-HIST-0103,PRJ-HARBOR,Archived coordination 103,2026-08-24T14:00:00-04:00,2026-08-24T14:30:00-04:00,TESS|ELI,,team
CAL-HIST-0104,PRJ-LANTERN,Archived coordination 104,2026-08-24T15:00:00-04:00,2026-08-24T15:30:00-04:00,YU|NOOR,,team
CAL-HIST-0105,PRJ-ORBIT,Archived coordination 105,2026-08-24T09:00:00-04:00,2026-08-24T09:30:00-04:00,MAYA|PRIYA,,team
CAL-HIST-0106,PRJ-HARBOR,Archived coordination 106,2026-08-25T10:00:00-04:00,2026-08-25T10:30:00-04:00,ELI|DIEGO,,team
CAL-HIST-0107,PRJ-LANTERN,Archived coordination 107,2026-08-26T11:00:00-04:00,2026-08-26T11:30:00-04:00,NOOR|JONAH,,team
CAL-HIST-0108,PRJ-ORBIT,Archived coordination 108,2026-08-27T12:00:00-04:00,2026-08-27T12:30:00-04:00,PRIYA|LANA,,team
CAL-HIST-0109,PRJ-HARBOR,Archived coordination 109,2026-08-28T13:00:00-04:00,2026-08-28T13:30:00-04:00,DIEGO|AVA,,team
CAL-HIST-0110,PRJ-LANTERN,Archived coordination 110,2026-08-31T14:00:00-04:00,2026-08-31T14:30:00-04:00,JONAH|COLE,,team
CAL-HIST-0111,PRJ-ORBIT,Archived coordination 111,2026-08-31T15:00:00-04:00,2026-08-31T15:30:00-04:00,LANA|OWEN,,team
CAL-HIST-0112,PRJ-HARBOR,Archived coordination 112,2026-08-31T09:00:00-04:00,2026-08-31T09:30:00-04:00,AVA|MIRA,,team
CAL-HIST-0113,PRJ-LANTERN,Archived coordination 113,2026-09-01T10:00:00-04:00,2026-09-01T10:30:00-04:00,COLE|SAM,,team
CAL-HIST-0114,PRJ-ORBIT,Archived coordination 114,2026-09-02T11:00:00-04:00,2026-09-02T11:30:00-04:00,OWEN|NINA,,team
CAL-HIST-0115,PRJ-HARBOR,Archived coordination 115,2026-09-03T12:00:00-04:00,2026-09-03T12:30:00-04:00,MIRA|TESS,,team
CAL-HIST-0116,PRJ-LANTERN,Archived coordination 116,2026-09-04T13:00:00-04:00,2026-09-04T13:30:00-04:00,SAM|YU,,team
CAL-HIST-0117,PRJ-ORBIT,Archived coordination 117,2026-09-07T14:00:00-04:00,2026-09-07T14:30:00-04:00,NINA|MAYA,,team
CAL-HIST-0118,PRJ-HARBOR,Archived coordination 118,2026-09-07T15:00:00-04:00,2026-09-07T15:30:00-04:00,TESS|ELI,,team
CAL-HIST-0119,PRJ-LANTERN,Archived coordination 119,2026-09-07T09:00:00-04:00,2026-09-07T09:30:00-04:00,YU|NOOR,,team
CAL-HIST-0120,PRJ-ORBIT,Archived coordination 120,2026-09-08T10:00:00-04:00,2026-09-08T10:30:00-04:00,MAYA|PRIYA,,team
CAL-HIST-0121,PRJ-HARBOR,Archived coordination 121,2026-09-09T11:00:00-04:00,2026-09-09T11:30:00-04:00,ELI|DIEGO,,team
CAL-HIST-0122,PRJ-LANTERN,Archived coordination 122,2026-09-10T12:00:00-04:00,2026-09-10T12:30:00-04:00,NOOR|JONAH,,team
CAL-HIST-0123,PRJ-ORBIT,Archived coordination 123,2026-09-11T13:00:00-04:00,2026-09-11T13:30:00-04:00,PRIYA|LANA,,team
CAL-HIST-0124,PRJ-HARBOR,Archived coordination 124,2026-09-14T14:00:00-04:00,2026-09-14T14:30:00-04:00,DIEGO|AVA,,team
CAL-HIST-0125,PRJ-LANTERN,Archived coordination 125,2026-09-14T15:00:00-04:00,2026-09-14T15:30:00-04:00,JONAH|COLE,,team
CAL-HIST-0126,PRJ-ORBIT,Archived coordination 126,2026-08-03T09:00:00-04:00,2026-08-03T09:30:00-04:00,LANA|OWEN,,team
CAL-HIST-0127,PRJ-HARBOR,Archived coordination 127,2026-08-04T10:00:00-04:00,2026-08-04T10:30:00-04:00,AVA|MIRA,,team
CAL-HIST-0128,PRJ-LANTERN,Archived coordination 128,2026-08-05T11:00:00-04:00,2026-08-05T11:30:00-04:00,COLE|SAM,,team
CAL-HIST-0129,PRJ-ORBIT,Archived coordination 129,2026-08-06T12:00:00-04:00,2026-08-06T12:30:00-04:00,OWEN|NINA,,team
CAL-HIST-0130,PRJ-HARBOR,Archived coordination 130,2026-08-07T13:00:00-04:00,2026-08-07T13:30:00-04:00,MIRA|TESS,,team
CAL-HIST-0131,PRJ-LANTERN,Archived coordination 131,2026-08-10T14:00:00-04:00,2026-08-10T14:30:00-04:00,SAM|YU,,team
CAL-HIST-0132,PRJ-ORBIT,Archived coordination 132,2026-08-10T15:00:00-04:00,2026-08-10T15:30:00-04:00,NINA|MAYA,,team
CAL-HIST-0133,PRJ-HARBOR,Archived coordination 133,2026-08-10T09:00:00-04:00,2026-08-10T09:30:00-04:00,TESS|ELI,,team
CAL-HIST-0134,PRJ-LANTERN,Archived coordination 134,2026-08-11T10:00:00-04:00,2026-08-11T10:30:00-04:00,YU|NOOR,,team
CAL-HIST-0135,PRJ-ORBIT,Archived coordination 135,2026-08-12T11:00:00-04:00,2026-08-12T11:30:00-04:00,MAYA|PRIYA,,team
CAL-HIST-0136,PRJ-HARBOR,Archived coordination 136,2026-08-13T12:00:00-04:00,2026-08-13T12:30:00-04:00,ELI|DIEGO,,team
CAL-HIST-0137,PRJ-LANTERN,Archived coordination 137,2026-08-14T13:00:00-04:00,2026-08-14T13:30:00-04:00,NOOR|JONAH,,team
CAL-HIST-0138,PRJ-ORBIT,Archived coordination 138,2026-08-17T14:00:00-04:00,2026-08-17T14:30:00-04:00,PRIYA|LANA,,team
CAL-HIST-0139,PRJ-HARBOR,Archived coordination 139,2026-08-17T15:00:00-04:00,2026-08-17T15:30:00-04:00,DIEGO|AVA,,team
CAL-HIST-0140,PRJ-LANTERN,Archived coordination 140,2026-08-17T09:00:00-04:00,2026-08-17T09:30:00-04:00,JONAH|COLE,,team
CAL-HIST-0141,PRJ-ORBIT,Archived coordination 141,2026-08-18T10:00:00-04:00,2026-08-18T10:30:00-04:00,LANA|OWEN,,team
CAL-HIST-0142,PRJ-HARBOR,Archived coordination 142,2026-08-19T11:00:00-04:00,2026-08-19T11:30:00-04:00,AVA|MIRA,,team
CAL-HIST-0143,PRJ-LANTERN,Archived coordination 143,2026-08-20T12:00:00-04:00,2026-08-20T12:30:00-04:00,COLE|SAM,,team
CAL-HIST-0144,PRJ-ORBIT,Archived coordination 144,2026-08-21T13:00:00-04:00,2026-08-21T13:30:00-04:00,OWEN|NINA,,team
CAL-HIST-0145,PRJ-HARBOR,Archived coordination 145,2026-08-24T14:00:00-04:00,2026-08-24T14:30:00-04:00,MIRA|TESS,,team
CAL-HIST-0146,PRJ-LANTERN,Archived coordination 146,2026-08-24T15:00:00-04:00,2026-08-24T15:30:00-04:00,SAM|YU,,team
CAL-HIST-0147,PRJ-ORBIT,Archived coordination 147,2026-08-24T09:00:00-04:00,2026-08-24T09:30:00-04:00,NINA|MAYA,,team
CAL-HIST-0148,PRJ-HARBOR,Archived coordination 148,2026-08-25T10:00:00-04:00,2026-08-25T10:30:00-04:00,TESS|ELI,,team
CAL-HIST-0149,PRJ-LANTERN,Archived coordination 149,2026-08-26T11:00:00-04:00,2026-08-26T11:30:00-04:00,YU|NOOR,,team
CAL-HIST-0150,PRJ-ORBIT,Archived coordination 150,2026-08-27T12:00:00-04:00,2026-08-27T12:30:00-04:00,MAYA|PRIYA,,team
CAL-HIST-0151,PRJ-HARBOR,Archived coordination 151,2026-08-28T13:00:00-04:00,2026-08-28T13:30:00-04:00,ELI|DIEGO,,team
CAL-HIST-0152,PRJ-LANTERN,Archived coordination 152,2026-08-31T14:00:00-04:00,2026-08-31T14:30:00-04:00,NOOR|JONAH,,team
CAL-HIST-0153,PRJ-ORBIT,Archived coordination 153,2026-08-31T15:00:00-04:00,2026-08-31T15:30:00-04:00,PRIYA|LANA,,team
CAL-HIST-0154,PRJ-HARBOR,Archived coordination 154,2026-08-31T09:00:00-04:00,2026-08-31T09:30:00-04:00,DIEGO|AVA,,team
CAL-HIST-0155,PRJ-LANTERN,Archived coordination 155,2026-09-01T10:00:00-04:00,2026-09-01T10:30:00-04:00,JONAH|COLE,,team
CAL-HIST-0156,PRJ-ORBIT,Archived coordination 156,2026-09-02T11:00:00-04:00,2026-09-02T11:30:00-04:00,LANA|OWEN,,team
CAL-HIST-0157,PRJ-HARBOR,Archived coordination 157,2026-09-03T12:00:00-04:00,2026-09-03T12:30:00-04:00,AVA|MIRA,,team
CAL-HIST-0158,PRJ-LANTERN,Archived coordination 158,2026-09-04T13:00:00-04:00,2026-09-04T13:30:00-04:00,COLE|SAM,,team
CAL-HIST-0159,PRJ-ORBIT,Archived coordination 159,2026-09-07T14:00:00-04:00,2026-09-07T14:30:00-04:00,OWEN|NINA,,team
CAL-HIST-0160,PRJ-HARBOR,Archived coordination 160,2026-09-07T15:00:00-04:00,2026-09-07T15:30:00-04:00,MIRA|TESS,,team
CAL-HIST-0161,PRJ-LANTERN,Archived coordination 161,2026-09-07T09:00:00-04:00,2026-09-07T09:30:00-04:00,SAM|YU,,team
CAL-HIST-0162,PRJ-ORBIT,Archived coordination 162,2026-09-08T10:00:00-04:00,2026-09-08T10:30:00-04:00,NINA|MAYA,,team
CAL-HIST-0163,PRJ-HARBOR,Archived coordination 163,2026-09-09T11:00:00-04:00,2026-09-09T11:30:00-04:00,TESS|ELI,,team
CAL-HIST-0164,PRJ-LANTERN,Archived coordination 164,2026-09-10T12:00:00-04:00,2026-09-10T12:30:00-04:00,YU|NOOR,,team
CAL-HIST-0165,PRJ-ORBIT,Archived coordination 165,2026-09-11T13:00:00-04:00,2026-09-11T13:30:00-04:00,MAYA|PRIYA,,team
CAL-HIST-0166,PRJ-HARBOR,Archived coordination 166,2026-09-14T14:00:00-04:00,2026-09-14T14:30:00-04:00,ELI|DIEGO,,team
CAL-HIST-0167,PRJ-LANTERN,Archived coordination 167,2026-09-14T15:00:00-04:00,2026-09-14T15:30:00-04:00,NOOR|JONAH,,team
CAL-HIST-0168,PRJ-ORBIT,Archived coordination 168,2026-08-03T09:00:00-04:00,2026-08-03T09:30:00-04:00,PRIYA|LANA,,team
CAL-HIST-0169,PRJ-HARBOR,Archived coordination 169,2026-08-04T10:00:00-04:00,2026-08-04T10:30:00-04:00,DIEGO|AVA,,team
CAL-HIST-0170,PRJ-LANTERN,Archived coordination 170,2026-08-05T11:00:00-04:00,2026-08-05T11:30:00-04:00,JONAH|COLE,,team
CAL-HIST-0171,PRJ-ORBIT,Archived coordination 171,2026-08-06T12:00:00-04:00,2026-08-06T12:30:00-04:00,LANA|OWEN,,team
CAL-HIST-0172,PRJ-HARBOR,Archived coordination 172,2026-08-07T13:00:00-04:00,2026-08-07T13:30:00-04:00,AVA|MIRA,,team
CAL-HIST-0173,PRJ-LANTERN,Archived coordination 173,2026-08-10T14:00:00-04:00,2026-08-10T14:30:00-04:00,COLE|SAM,,team
CAL-HIST-0174,PRJ-ORBIT,Archived coordination 174,2026-08-10T15:00:00-04:00,2026-08-10T15:30:00-04:00,OWEN|NINA,,team
CAL-HIST-0175,PRJ-HARBOR,Archived coordination 175,2026-08-10T09:00:00-04:00,2026-08-10T09:30:00-04:00,MIRA|TESS,,team
CAL-HIST-0176,PRJ-LANTERN,Archived coordination 176,2026-08-11T10:00:00-04:00,2026-08-11T10:30:00-04:00,SAM|YU,,team
CAL-HIST-0177,PRJ-ORBIT,Archived coordination 177,2026-08-12T11:00:00-04:00,2026-08-12T11:30:00-04:00,NINA|MAYA,,team
CAL-HIST-0178,PRJ-HARBOR,Archived coordination 178,2026-08-13T12:00:00-04:00,2026-08-13T12:30:00-04:00,TESS|ELI,,team
CAL-HIST-0179,PRJ-LANTERN,Archived coordination 179,2026-08-14T13:00:00-04:00,2026-08-14T13:30:00-04:00,YU|NOOR,,team
CAL-HIST-0180,PRJ-ORBIT,Archived coordination 180,2026-08-17T14:00:00-04:00,2026-08-17T14:30:00-04:00,MAYA|PRIYA,,team
CAL-HIST-0181,PRJ-HARBOR,Archived coordination 181,2026-08-17T15:00:00-04:00,2026-08-17T15:30:00-04:00,ELI|DIEGO,,team
CAL-HIST-0182,PRJ-LANTERN,Archived coordination 182,2026-08-17T09:00:00-04:00,2026-08-17T09:30:00-04:00,NOOR|JONAH,,team
CAL-HIST-0183,PRJ-ORBIT,Archived coordination 183,2026-08-18T10:00:00-04:00,2026-08-18T10:30:00-04:00,PRIYA|LANA,,team
CAL-HIST-0184,PRJ-HARBOR,Archived coordination 184,2026-08-19T11:00:00-04:00,2026-08-19T11:30:00-04:00,DIEGO|AVA,,team
CAL-HIST-0185,PRJ-LANTERN,Archived coordination 185,2026-08-20T12:00:00-04:00,2026-08-20T12:30:00-04:00,JONAH|COLE,,team
CAL-HIST-0186,PRJ-ORBIT,Archived coordination 186,2026-08-21T13:00:00-04:00,2026-08-21T13:30:00-04:00,LANA|OWEN,,team
CAL-HIST-0187,PRJ-HARBOR,Archived coordination 187,2026-08-24T14:00:00-04:00,2026-08-24T14:30:00-04:00,AVA|MIRA,,team
CAL-HIST-0188,PRJ-LANTERN,Archived coordination 188,2026-08-24T15:00:00-04:00,2026-08-24T15:30:00-04:00,COLE|SAM,,team
CAL-HIST-0189,PRJ-ORBIT,Archived coordination 189,2026-08-24T09:00:00-04:00,2026-08-24T09:30:00-04:00,OWEN|NINA,,team
CAL-HIST-0190,PRJ-HARBOR,Archived coordination 190,2026-08-25T10:00:00-04:00,2026-08-25T10:30:00-04:00,MIRA|TESS,,team
CAL-HIST-0191,PRJ-LANTERN,Archived coordination 191,2026-08-26T11:00:00-04:00,2026-08-26T11:30:00-04:00,SAM|YU,,team
CAL-HIST-0192,PRJ-ORBIT,Archived coordination 192,2026-08-27T12:00:00-04:00,2026-08-27T12:30:00-04:00,NINA|MAYA,,team
CAL-HIST-0193,PRJ-HARBOR,Archived coordination 193,2026-08-28T13:00:00-04:00,2026-08-28T13:30:00-04:00,TESS|ELI,,team
CAL-HIST-0194,PRJ-LANTERN,Archived coordination 194,2026-08-31T14:00:00-04:00,2026-08-31T14:30:00-04:00,YU|NOOR,,team
CAL-HIST-0195,PRJ-ORBIT,Archived coordination 195,2026-08-31T15:00:00-04:00,2026-08-31T15:30:00-04:00,MAYA|PRIYA,,team
CAL-HIST-0196,PRJ-HARBOR,Archived coordination 196,2026-08-31T09:00:00-04:00,2026-08-31T09:30:00-04:00,ELI|DIEGO,,team
CAL-HIST-0197,PRJ-LANTERN,Archived coordination 197,2026-09-01T10:00:00-04:00,2026-09-01T10:30:00-04:00,NOOR|JONAH,,team
CAL-HIST-0198,PRJ-ORBIT,Archived coordination 198,2026-09-02T11:00:00-04:00,2026-09-02T11:30:00-04:00,PRIYA|LANA,,team
CAL-HIST-0199,PRJ-HARBOR,Archived coordination 199,2026-09-03T12:00:00-04:00,2026-09-03T12:30:00-04:00,DIEGO|AVA,,team
CAL-HIST-0200,PRJ-LANTERN,Archived coordination 200,2026-09-04T13:00:00-04:00,2026-09-04T13:30:00-04:00,JONAH|COLE,,team
CAL-HIST-0201,PRJ-ORBIT,Archived coordination 201,2026-09-07T14:00:00-04:00,2026-09-07T14:30:00-04:00,LANA|OWEN,,team
CAL-HIST-0202,PRJ-HARBOR,Archived coordination 202,2026-09-07T15:00:00-04:00,2026-09-07T15:30:00-04:00,AVA|MIRA,,team
CAL-HIST-0203,PRJ-LANTERN,Archived coordination 203,2026-09-07T09:00:00-04:00,2026-09-07T09:30:00-04:00,COLE|SAM,,team
CAL-HIST-0204,PRJ-ORBIT,Archived coordination 204,2026-09-08T10:00:00-04:00,2026-09-08T10:30:00-04:00,OWEN|NINA,,team
CAL-HIST-0205,PRJ-HARBOR,Archived coordination 205,2026-09-09T11:00:00-04:00,2026-09-09T11:30:00-04:00,MIRA|TESS,,team
CAL-HIST-0206,PRJ-LANTERN,Archived coordination 206,2026-09-10T12:00:00-04:00,2026-09-10T12:30:00-04:00,SAM|YU,,team
CAL-HIST-0207,PRJ-ORBIT,Archived coordination 207,2026-09-11T13:00:00-04:00,2026-09-11T13:30:00-04:00,NINA|MAYA,,team
CAL-HIST-0208,PRJ-HARBOR,Archived coordination 208,2026-09-14T14:00:00-04:00,2026-09-14T14:30:00-04:00,TESS|ELI,,team
CAL-HIST-0209,PRJ-LANTERN,Archived coordination 209,2026-09-14T15:00:00-04:00,2026-09-14T15:30:00-04:00,YU|NOOR,,team
CAL-HIST-0210,PRJ-ORBIT,Archived coordination 210,2026-08-03T09:00:00-04:00,2026-08-03T09:30:00-04:00,MAYA|PRIYA,,team
CAL-HIST-0211,PRJ-HARBOR,Archived coordination 211,2026-08-04T10:00:00-04:00,2026-08-04T10:30:00-04:00,ELI|DIEGO,,team
CAL-HIST-0212,PRJ-LANTERN,Archived coordination 212,2026-08-05T11:00:00-04:00,2026-08-05T11:30:00-04:00,NOOR|JONAH,,team
CAL-HIST-0213,PRJ-ORBIT,Archived coordination 213,2026-08-06T12:00:00-04:00,2026-08-06T12:30:00-04:00,PRIYA|LANA,,team
CAL-HIST-0214,PRJ-HARBOR,Archived coordination 214,2026-08-07T13:00:00-04:00,2026-08-07T13:30:00-04:00,DIEGO|AVA,,team
CAL-HIST-0215,PRJ-LANTERN,Archived coordination 215,2026-08-10T14:00:00-04:00,2026-08-10T14:30:00-04:00,JONAH|COLE,,team
CAL-HIST-0216,PRJ-ORBIT,Archived coordination 216,2026-08-10T15:00:00-04:00,2026-08-10T15:30:00-04:00,LANA|OWEN,,team
CAL-HIST-0217,PRJ-HARBOR,Archived coordination 217,2026-08-10T09:00:00-04:00,2026-08-10T09:30:00-04:00,AVA|MIRA,,team
CAL-HIST-0218,PRJ-LANTERN,Archived coordination 218,2026-08-11T10:00:00-04:00,2026-08-11T10:30:00-04:00,COLE|SAM,,team
CAL-HIST-0219,PRJ-ORBIT,Archived coordination 219,2026-08-12T11:00:00-04:00,2026-08-12T11:30:00-04:00,OWEN|NINA,,team
CAL-HIST-0220,PRJ-HARBOR,Archived coordination 220,2026-08-13T12:00:00-04:00,2026-08-13T12:30:00-04:00,MIRA|TESS,,team
CAL-501,PRJ-ORBIT,Portfolio review,2026-10-05T09:00:00-04:00,2026-10-05T09:30:00-04:00,MAYA,,team
CAL-502,PRJ-ORBIT,Support handoff,2026-10-07T09:00:00-04:00,2026-10-07T09:15:00-04:00,ELI,,team
CAL-503,PRJ-ORBIT,Vendor callback,2026-10-07T09:15:00-04:00,2026-10-07T09:30:00-04:00,NOOR,,team
CAL-504,PRJ-ORBIT,Design QA,2026-10-09T09:00:00-04:00,2026-10-09T09:30:00-04:00,PRIYA,,team
CAL-505,PRJ-ORBIT,Budget check,2026-10-06T13:00:00-04:00,2026-10-06T13:30:00-04:00,MAYA,,team
CAL-506,PRJ-ORBIT,Pairing,2026-10-06T13:30:00-04:00,2026-10-06T14:00:00-04:00,NOOR,,team
CAL-507,PRJ-ORBIT,Security intake,2026-10-06T14:00:00-04:00,2026-10-06T14:30:00-04:00,LANA,,restricted
CAL-508,PRJ-ORBIT,Observer community call,2026-10-06T14:30:00-04:00,2026-10-06T15:00:00-04:00,SAM,,team
CAL-509,PRJ-ORBIT,Board prep,2026-10-07T15:00:00-04:00,2026-10-07T15:30:00-04:00,AVA,,team
CAL-510,PRJ-ORBIT,Regression review,2026-10-06T10:00:00-04:00,2026-10-06T10:30:00-04:00,JONAH,,team
CAL-511,PRJ-ORBIT,Code review,2026-10-06T10:30:00-04:00,2026-10-06T11:00:00-04:00,PRIYA,,team
CAL-512,PRJ-ORBIT,Launch comms,2026-10-06T11:00:00-04:00,2026-10-06T11:30:00-04:00,MAYA,,team
CAL-EXIST-104,PRJ-ORBIT,Data migration sync,2026-10-08T11:30:00-04:00,2026-10-08T12:00:00-04:00,MAYA|ELI|NOOR,MEET-104,team
