message_id,kind,project_id,related_task_id,reporting_period,sent_at,recipient_ids
MAIL-OLD-WEEKLY,weekly_status,PRJ-ORBIT,,2026-09-28,2026-09-28T09:00:00-04:00,AVA|COLE|OWEN
MAIL-060-RECENT,blocker_escalation,PRJ-ORBIT,ORBIT-060,,2026-10-04T13:00:00-04:00,MAYA|LANA
MAIL-012-OLD,blocker_escalation,PRJ-ORBIT,ORBIT-012,,2026-10-02T07:00:00-04:00,MAYA|NINA
MAIL-ARCH-001,weekly_status,PRJ-HARBOR,,2026-07-13,2026-09-20T09:00:00-04:00,MIRA
MAIL-ARCH-002,weekly_status,PRJ-LANTERN,,2026-07-20,2026-09-20T10:00:00-04:00,MIRA
MAIL-ARCH-003,blocker_escalation,PRJ-HARBOR,HARBOR-004,2026-07-27,2026-09-20T11:00:00-04:00,MIRA
MAIL-ARCH-004,weekly_status,PRJ-LANTERN,,2026-08-03,2026-09-20T12:00:00-04:00,MIRA
MAIL-ARCH-005,weekly_status,PRJ-HARBOR,,2026-08-10,2026-09-20T13:00:00-04:00,MIRA
MAIL-ARCH-006,blocker_escalation,PRJ-LANTERN,HARBOR-007,2026-08-17,2026-09-20T14:00:00-04:00,MIRA
MAIL-ARCH-007,weekly_status,PRJ-HARBOR,,2026-08-24,2026-09-20T15:00:00-04:00,MIRA
MAIL-ARCH-008,weekly_status,PRJ-LANTERN,,2026-08-31,2026-09-20T16:00:00-04:00,MIRA
MAIL-ARCH-009,blocker_escalation,PRJ-HARBOR,HARBOR-010,2026-09-07,2026-09-20T08:00:00-04:00,MIRA
MAIL-ARCH-010,weekly_status,PRJ-LANTERN,,2026-09-14,2026-09-20T09:00:00-04:00,MIRA
MAIL-ARCH-011,weekly_status,PRJ-HARBOR,,2026-09-21,2026-09-20T10:00:00-04:00,MIRA
MAIL-ARCH-012,blocker_escalation,PRJ-LANTERN,HARBOR-013,2026-07-06,2026-09-20T11:00:00-04:00,MIRA
MAIL-ARCH-013,weekly_status,PRJ-HARBOR,,2026-07-13,2026-09-20T12:00:00-04:00,MIRA
MAIL-ARCH-014,weekly_status,PRJ-LANTERN,,2026-07-20,2026-09-20T13:00:00-04:00,MIRA
MAIL-ARCH-015,blocker_escalation,PRJ-HARBOR,HARBOR-016,2026-07-27,2026-09-20T14:00:00-04:00,MIRA
MAIL-ARCH-016,weekly_status,PRJ-LANTERN,,2026-08-03,2026-09-20T15:00:00-04:00,MIRA
MAIL-ARCH-017,weekly_status,PRJ-HARBOR,,2026-08-10,2026-09-20T16:00:00-04:00,MIRA
MAIL-ARCH-018,blocker_escalation,PRJ-LANTERN,HARBOR-019,2026-08-17,2026-09-20T08:00:00-04:00,MIRA
MAIL-ARCH-019,weekly_status,PRJ-HARBOR,,2026-08-24,2026-09-20T09:00:00-04:00,MIRA
MAIL-ARCH-020,weekly_status,PRJ-LANTERN,,2026-08-31,2026-09-20T10:00:00-04:00,MIRA
MAIL-ARCH-021,blocker_escalation,PRJ-HARBOR,HARBOR-022,2026-09-07,2026-09-20T11:00:00-04:00,MIRA
MAIL-ARCH-022,weekly_status,PRJ-LANTERN,,2026-09-14,2026-09-20T12:00:00-04:00,MIRA
MAIL-ARCH-023,weekly_status,PRJ-HARBOR,,2026-09-21,2026-09-20T13:00:00-04:00,MIRA
MAIL-ARCH-024,blocker_escalation,PRJ-LANTERN,HARBOR-025,2026-07-06,2026-09-20T14:00:00-04:00,MIRA
MAIL-ARCH-025,weekly_status,PRJ-HARBOR,,2026-07-13,2026-09-20T15:00:00-04:00,MIRA
MAIL-ARCH-026,weekly_status,PRJ-LANTERN,,2026-07-20,2026-09-20T16:00:00-04:00,MIRA
MAIL-ARCH-027,blocker_escalation,PRJ-HARBOR,HARBOR-028,2026-07-27,2026-09-20T08:00:00-04:00,MIRA
MAIL-ARCH-028,weekly_status,PRJ-LANTERN,,2026-08-03,2026-09-20T09:00:00-04:00,MIRA
MAIL-ARCH-029,weekly_status,PRJ-HARBOR,,2026-08-10,2026-09-20T10:00:00-04:00,MIRA
MAIL-ARCH-030,blocker_escalation,PRJ-LANTERN,HARBOR-031,2026-08-17,2026-09-20T11:00:00-04:00,MIRA
MAIL-ARCH-031,weekly_status,PRJ-HARBOR,,2026-08-24,2026-09-20T12:00:00-04:00,MIRA
MAIL-ARCH-032,weekly_status,PRJ-LANTERN,,2026-08-31,2026-09-20T13:00:00-04:00,MIRA
MAIL-ARCH-033,blocker_escalation,PRJ-HARBOR,HARBOR-034,2026-09-07,2026-09-20T14:00:00-04:00,MIRA
MAIL-ARCH-034,weekly_status,PRJ-LANTERN,,2026-09-14,2026-09-20T15:00:00-04:00,MIRA
MAIL-ARCH-035,weekly_status,PRJ-HARBOR,,2026-09-21,2026-09-20T16:00:00-04:00,MIRA
MAIL-ARCH-036,blocker_escalation,PRJ-LANTERN,HARBOR-037,2026-07-06,2026-09-20T08:00:00-04:00,MIRA
MAIL-ARCH-037,weekly_status,PRJ-HARBOR,,2026-07-13,2026-09-20T09:00:00-04:00,MIRA
MAIL-ARCH-038,weekly_status,PRJ-LANTERN,,2026-07-20,2026-09-20T10:00:00-04:00,MIRA
MAIL-ARCH-039,blocker_escalation,PRJ-HARBOR,HARBOR-040,2026-07-27,2026-09-20T11:00:00-04:00,MIRA
MAIL-ARCH-040,weekly_status,PRJ-LANTERN,,2026-08-03,2026-09-20T12:00:00-04:00,MIRA
MAIL-ARCH-041,weekly_status,PRJ-HARBOR,,2026-08-10,2026-09-20T13:00:00-04:00,MIRA
MAIL-ARCH-042,blocker_escalation,PRJ-LANTERN,HARBOR-043,2026-08-17,2026-09-20T14:00:00-04:00,MIRA
MAIL-ARCH-043,weekly_status,PRJ-HARBOR,,2026-08-24,2026-09-20T15:00:00-04:00,MIRA
MAIL-ARCH-044,weekly_status,PRJ-LANTERN,,2026-08-31,2026-09-20T16:00:00-04:00,MIRA
MAIL-ARCH-045,blocker_escalation,PRJ-HARBOR,HARBOR-046,2026-09-07,2026-09-20T08:00:00-04:00,MIRA
MAIL-ARCH-046,weekly_status,PRJ-LANTERN,,2026-09-14,2026-09-20T09:00:00-04:00,MIRA
MAIL-ARCH-047,weekly_status,PRJ-HARBOR,,2026-09-21,2026-09-20T10:00:00-04:00,MIRA
MAIL-ARCH-048,blocker_escalation,PRJ-LANTERN,HARBOR-049,2026-07-06,2026-09-20T11:00:00-04:00,MIRA
MAIL-ARCH-049,weekly_status,PRJ-HARBOR,,2026-07-13,2026-09-20T12:00:00-04:00,MIRA
MAIL-ARCH-050,weekly_status,PRJ-LANTERN,,2026-07-20,2026-09-20T13:00:00-04:00,MIRA
MAIL-ARCH-051,blocker_escalation,PRJ-HARBOR,HARBOR-052,2026-07-27,2026-09-20T14:00:00-04:00,MIRA
MAIL-ARCH-052,weekly_status,PRJ-LANTERN,,2026-08-03,2026-09-20T15:00:00-04:00,MIRA
MAIL-ARCH-053,weekly_status,PRJ-HARBOR,,2026-08-10,2026-09-20T16:00:00-04:00,MIRA
MAIL-ARCH-054,blocker_escalation,PRJ-LANTERN,HARBOR-055,2026-08-17,2026-09-20T08:00:00-04:00,MIRA
MAIL-ARCH-055,weekly_status,PRJ-HARBOR,,2026-08-24,2026-09-20T09:00:00-04:00,MIRA
MAIL-ARCH-056,weekly_status,PRJ-LANTERN,,2026-08-31,2026-09-20T10:00:00-04:00,MIRA
MAIL-ARCH-057,blocker_escalation,PRJ-HARBOR,HARBOR-058,2026-09-07,2026-09-20T11:00:00-04:00,MIRA
MAIL-ARCH-058,weekly_status,PRJ-LANTERN,,2026-09-14,2026-09-20T12:00:00-04:00,MIRA
MAIL-ARCH-059,weekly_status,PRJ-HARBOR,,2026-09-21,2026-09-20T13:00:00-04:00,MIRA
MAIL-ARCH-060,blocker_escalation,PRJ-LANTERN,HARBOR-061,2026-07-06,2026-09-20T14:00:00-04:00,MIRA
MAIL-ARCH-061,weekly_status,PRJ-HARBOR,,2026-07-13,2026-09-20T15:00:00-04:00,MIRA
MAIL-ARCH-062,weekly_status,PRJ-LANTERN,,2026-07-20,2026-09-20T16:00:00-04:00,MIRA
MAIL-ARCH-063,blocker_escalation,PRJ-HARBOR,HARBOR-064,2026-07-27,2026-09-20T08:00:00-04:00,MIRA
MAIL-ARCH-064,weekly_status,PRJ-LANTERN,,2026-08-03,2026-09-20T09:00:00-04:00,MIRA
MAIL-ARCH-065,weekly_status,PRJ-HARBOR,,2026-08-10,2026-09-20T10:00:00-04:00,MIRA
MAIL-ARCH-066,blocker_escalation,PRJ-LANTERN,HARBOR-067,2026-08-17,2026-09-20T11:00:00-04:00,MIRA
MAIL-ARCH-067,weekly_status,PRJ-HARBOR,,2026-08-24,2026-09-20T12:00:00-04:00,MIRA
MAIL-ARCH-068,weekly_status,PRJ-LANTERN,,2026-08-31,2026-09-20T13:00:00-04:00,MIRA
MAIL-ARCH-069,blocker_escalation,PRJ-HARBOR,HARBOR-070,2026-09-07,2026-09-20T14:00:00-04:00,MIRA
MAIL-ARCH-070,weekly_status,PRJ-LANTERN,,2026-09-14,2026-09-20T15:00:00-04:00,MIRA
MAIL-ARCH-071,weekly_status,PRJ-HARBOR,,2026-09-21,2026-09-20T16:00:00-04:00,MIRA
MAIL-ARCH-072,blocker_escalation,PRJ-LANTERN,HARBOR-073,2026-07-06,2026-09-20T08:00:00-04:00,MIRA
MAIL-ARCH-073,weekly_status,PRJ-HARBOR,,2026-07-13,2026-09-20T09:00:00-04:00,MIRA
MAIL-ARCH-074,weekly_status,PRJ-LANTERN,,2026-07-20,2026-09-20T10:00:00-04:00,MIRA
MAIL-ARCH-075,blocker_escalation,PRJ-HARBOR,HARBOR-076,2026-07-27,2026-09-20T11:00:00-04:00,MIRA
MAIL-ARCH-076,weekly_status,PRJ-LANTERN,,2026-08-03,2026-09-20T12:00:00-04:00,MIRA
MAIL-ARCH-077,weekly_status,PRJ-HARBOR,,2026-08-10,2026-09-20T13:00:00-04:00,MIRA
MAIL-ARCH-078,blocker_escalation,PRJ-LANTERN,HARBOR-079,2026-08-17,2026-09-20T14:00:00-04:00,MIRA
MAIL-ARCH-079,weekly_status,PRJ-HARBOR,,2026-08-24,2026-09-20T15:00:00-04:00,MIRA
MAIL-ARCH-080,weekly_status,PRJ-LANTERN,,2026-08-31,2026-09-20T16:00:00-04:00,MIRA
MAIL-ARCH-081,blocker_escalation,PRJ-HARBOR,HARBOR-002,2026-09-07,2026-09-20T08:00:00-04:00,MIRA
MAIL-ARCH-082,weekly_status,PRJ-LANTERN,,2026-09-14,2026-09-20T09:00:00-04:00,MIRA
MAIL-ARCH-083,weekly_status,PRJ-HARBOR,,2026-09-21,2026-09-20T10:00:00-04:00,MIRA
MAIL-ARCH-084,blocker_escalation,PRJ-LANTERN,HARBOR-005,2026-07-06,2026-09-20T11:00:00-04:00,MIRA
MAIL-ARCH-085,weekly_status,PRJ-HARBOR,,2026-07-13,2026-09-20T12:00:00-04:00,MIRA
MAIL-ARCH-086,weekly_status,PRJ-LANTERN,,2026-07-20,2026-09-20T13:00:00-04:00,MIRA
MAIL-ARCH-087,blocker_escalation,PRJ-HARBOR,HARBOR-008,2026-07-27,2026-09-20T14:00:00-04:00,MIRA
MAIL-ARCH-088,weekly_status,PRJ-LANTERN,,2026-08-03,2026-09-20T15:00:00-04:00,MIRA
MAIL-ARCH-089,weekly_status,PRJ-HARBOR,,2026-08-10,2026-09-20T16:00:00-04:00,MIRA
MAIL-ARCH-090,blocker_escalation,PRJ-LANTERN,HARBOR-011,2026-08-17,2026-09-20T08:00:00-04:00,MIRA
MAIL-ARCH-091,weekly_status,PRJ-HARBOR,,2026-08-24,2026-09-20T09:00:00-04:00,MIRA
MAIL-ARCH-092,weekly_status,PRJ-LANTERN,,2026-08-31,2026-09-20T10:00:00-04:00,MIRA
MAIL-ARCH-093,blocker_escalation,PRJ-HARBOR,HARBOR-014,2026-09-07,2026-09-20T11:00:00-04:00,MIRA
MAIL-ARCH-094,weekly_status,PRJ-LANTERN,,2026-09-14,2026-09-20T12:00:00-04:00,MIRA
MAIL-ARCH-095,weekly_status,PRJ-HARBOR,,2026-09-21,2026-09-20T13:00:00-04:00,MIRA
MAIL-ARCH-096,blocker_escalation,PRJ-LANTERN,HARBOR-017,2026-07-06,2026-09-20T14:00:00-04:00,MIRA
MAIL-ARCH-097,weekly_status,PRJ-HARBOR,,2026-07-13,2026-09-20T15:00:00-04:00,MIRA
