file_path,component,owner_team,change_risk,test_command
benchmarks/invoice-api.js,benchmarks/invoice-api.js,performance,medium,python3 /root/data/tools/offline_check.py benchmarks
benchmarks/ledger-query.js,benchmarks/ledger-query.js,performance,medium,python3 /root/data/tools/offline_check.py benchmarks
config/rollout.yaml,config/rollout.yaml,release-engineering,high,python3 /root/data/tools/offline_check.py config
docs/regional-ledger-runbook.md,docs/regional-ledger-runbook.md,release-engineering,low,python3 /root/data/tools/offline_check.py docs
migrations/index.ts,migrations/index.ts,data-platform,medium,python3 /root/data/tools/offline_check.py migrations
migrations/regional_ledger.ts,migrations/regional_ledger.ts,data-platform,medium,python3 /root/data/tools/offline_check.py migrations
ops/alerts/billing.yaml,ops/alerts,reliability,high,python3 /root/data/tools/offline_check.py ops
ops/dashboards/billing.json,ops/dashboards,reliability,low,python3 /root/data/tools/offline_check.py ops
packages/contracts/invoice.ts,packages/contracts,platform-contracts,medium,python3 /root/data/tools/offline_check.py packages
packages/contracts/version.ts,packages/contracts,platform-contracts,medium,python3 /root/data/tools/offline_check.py packages
scripts/migrate-ledger.ts,scripts/migrate-ledger.ts,data-platform,high,python3 /root/data/tools/offline_check.py scripts
services/api/feature-flags.ts,services/api,billing-services,low,python3 /root/data/tools/offline_check.py services
services/api/invoice.ts,services/api,billing-services,medium,python3 /root/data/tools/offline_check.py services
services/api/routes.ts,services/api,billing-services,medium,python3 /root/data/tools/offline_check.py services
services/ledger/model.ts,services/ledger,billing-services,high,python3 /root/data/tools/offline_check.py services
services/ledger/repository.ts,services/ledger,billing-services,low,python3 /root/data/tools/offline_check.py services
services/tax/calculator.ts,services/tax,billing-services,medium,python3 /root/data/tools/offline_check.py services
services/tax/rules.ts,services/tax,billing-services,medium,python3 /root/data/tools/offline_check.py services
tests/fixtures/invoices.json,tests/fixtures,quality-engineering,high,python3 /root/data/tools/offline_check.py tests
tests/helpers/invoice-factory.ts,tests/helpers,quality-engineering,low,python3 /root/data/tools/offline_check.py tests
web/admin/invoice-client.ts,web/admin,merchant-console,medium,python3 /root/data/tools/offline_check.py web
web/admin/invoices.tsx,web/admin,merchant-console,medium,python3 /root/data/tools/offline_check.py web
workers/backfill.ts,workers/backfill.ts,billing-jobs,high,python3 /root/data/tools/offline_check.py workers
workers/checkpoint.ts,workers/checkpoint.ts,billing-jobs,low,python3 /root/data/tools/offline_check.py workers
services/api/support_01.ts,services/api,billing-services,medium,python3 /root/data/tools/offline_check.py services
services/ledger/support_02.ts,services/ledger,billing-services,medium,python3 /root/data/tools/offline_check.py services
services/tax/support_03.ts,services/tax,billing-services,high,python3 /root/data/tools/offline_check.py services
workers/support_04.ts,workers/support_04.ts,billing-jobs,low,python3 /root/data/tools/offline_check.py workers
web/admin/support_05.ts,web/admin,merchant-console,medium,python3 /root/data/tools/offline_check.py web
ops/support_06.ts,ops/support_06.ts,reliability,medium,python3 /root/data/tools/offline_check.py ops
tests/support_07.ts,tests/support_07.ts,quality-engineering,high,python3 /root/data/tools/offline_check.py tests
packages/contracts/support_08.ts,packages/contracts,platform-contracts,low,python3 /root/data/tools/offline_check.py packages
services/api/support_09.ts,services/api,billing-services,medium,python3 /root/data/tools/offline_check.py services
services/ledger/support_10.ts,services/ledger,billing-services,medium,python3 /root/data/tools/offline_check.py services
services/tax/support_11.ts,services/tax,billing-services,high,python3 /root/data/tools/offline_check.py services
workers/support_12.ts,workers/support_12.ts,billing-jobs,low,python3 /root/data/tools/offline_check.py workers
web/admin/support_13.ts,web/admin,merchant-console,medium,python3 /root/data/tools/offline_check.py web
ops/support_14.ts,ops/support_14.ts,reliability,medium,python3 /root/data/tools/offline_check.py ops
tests/support_15.ts,tests/support_15.ts,quality-engineering,high,python3 /root/data/tools/offline_check.py tests
packages/contracts/support_16.ts,packages/contracts,platform-contracts,low,python3 /root/data/tools/offline_check.py packages
services/api/support_17.ts,services/api,billing-services,medium,python3 /root/data/tools/offline_check.py services
services/ledger/support_18.ts,services/ledger,billing-services,medium,python3 /root/data/tools/offline_check.py services
services/tax/support_19.ts,services/tax,billing-services,high,python3 /root/data/tools/offline_check.py services
workers/support_20.ts,workers/support_20.ts,billing-jobs,low,python3 /root/data/tools/offline_check.py workers
web/admin/support_21.ts,web/admin,merchant-console,medium,python3 /root/data/tools/offline_check.py web
ops/support_22.ts,ops/support_22.ts,reliability,medium,python3 /root/data/tools/offline_check.py ops
tests/support_23.ts,tests/support_23.ts,quality-engineering,high,python3 /root/data/tools/offline_check.py tests
packages/contracts/support_24.ts,packages/contracts,platform-contracts,low,python3 /root/data/tools/offline_check.py packages
services/api/support_25.ts,services/api,billing-services,medium,python3 /root/data/tools/offline_check.py services
services/ledger/support_26.ts,services/ledger,billing-services,medium,python3 /root/data/tools/offline_check.py services
services/tax/support_27.ts,services/tax,billing-services,high,python3 /root/data/tools/offline_check.py services
workers/support_28.ts,workers/support_28.ts,billing-jobs,low,python3 /root/data/tools/offline_check.py workers
web/admin/support_29.ts,web/admin,merchant-console,medium,python3 /root/data/tools/offline_check.py web
ops/support_30.ts,ops/support_30.ts,reliability,medium,python3 /root/data/tools/offline_check.py ops
tests/support_31.ts,tests/support_31.ts,quality-engineering,high,python3 /root/data/tools/offline_check.py tests
packages/contracts/support_32.ts,packages/contracts,platform-contracts,low,python3 /root/data/tools/offline_check.py packages
services/api/support_33.ts,services/api,billing-services,medium,python3 /root/data/tools/offline_check.py services
services/ledger/support_34.ts,services/ledger,billing-services,medium,python3 /root/data/tools/offline_check.py services
services/tax/support_35.ts,services/tax,billing-services,high,python3 /root/data/tools/offline_check.py services
workers/support_36.ts,workers/support_36.ts,billing-jobs,low,python3 /root/data/tools/offline_check.py workers
web/admin/support_37.ts,web/admin,merchant-console,medium,python3 /root/data/tools/offline_check.py web
ops/support_38.ts,ops/support_38.ts,reliability,medium,python3 /root/data/tools/offline_check.py ops
tests/support_39.ts,tests/support_39.ts,quality-engineering,high,python3 /root/data/tools/offline_check.py tests
packages/contracts/support_40.ts,packages/contracts,platform-contracts,low,python3 /root/data/tools/offline_check.py packages
services/api/support_41.ts,services/api,billing-services,medium,python3 /root/data/tools/offline_check.py services
services/ledger/support_42.ts,services/ledger,billing-services,medium,python3 /root/data/tools/offline_check.py services
services/tax/support_43.ts,services/tax,billing-services,high,python3 /root/data/tools/offline_check.py services
workers/support_44.ts,workers/support_44.ts,billing-jobs,low,python3 /root/data/tools/offline_check.py workers
web/admin/support_45.ts,web/admin,merchant-console,medium,python3 /root/data/tools/offline_check.py web
ops/support_46.ts,ops/support_46.ts,reliability,medium,python3 /root/data/tools/offline_check.py ops
tests/support_47.ts,tests/support_47.ts,quality-engineering,high,python3 /root/data/tools/offline_check.py tests
packages/contracts/support_48.ts,packages/contracts,platform-contracts,low,python3 /root/data/tools/offline_check.py packages
