event_id,owner_id,start_at,end_at,title,kind,attendance,visibility,private_detail
CAL-K001,U004,2026-04-20T14:00:00Z,2026-04-20T15:00:00Z,Nimbus rollback review,customer_required,accepted,team,
CAL-K002,U004,2026-04-20T14:30:00Z,2026-04-20T15:30:00Z,Cedar SSO workshop,customer_required,accepted,team,
CAL-K003,U005,2026-04-22T00:00:00Z,2026-04-25T00:00:00Z,Unavailable,out_of_office,accepted,private,Medical appointment and recovery.
CAL-K004,U002,2026-04-21T10:00:00Z,2026-04-21T11:00:00Z,Optional internal demo,internal_optional,tentative,team,
CAL-K005,U002,2026-04-21T10:30:00Z,2026-04-21T11:30:00Z,Aster finance review,customer_required,accepted,team,
CAL-006,U001,2026-04-20T08:00:00Z,2026-04-20T09:00:00Z,Team planning,internal_required,accepted,team,
CAL-007,U001,2026-04-20T11:00:00Z,2026-04-20T12:00:00Z,Account check-in,customer_required,accepted,team,
CAL-008,U001,2026-04-20T14:00:00Z,2026-04-20T15:00:00Z,Focus block,focus,accepted,team,
CAL-009,U001,2026-04-21T08:00:00Z,2026-04-21T09:00:00Z,Team planning,internal_required,accepted,team,
CAL-010,U001,2026-04-21T11:00:00Z,2026-04-21T12:00:00Z,Account check-in,customer_required,accepted,team,
CAL-011,U001,2026-04-21T14:00:00Z,2026-04-21T15:00:00Z,Focus block,focus,accepted,team,
CAL-012,U001,2026-04-22T08:00:00Z,2026-04-22T09:00:00Z,Team planning,internal_required,accepted,team,
CAL-013,U001,2026-04-22T11:00:00Z,2026-04-22T12:00:00Z,Account check-in,customer_required,accepted,team,
CAL-014,U001,2026-04-22T14:00:00Z,2026-04-22T15:00:00Z,Focus block,focus,accepted,team,
CAL-015,U001,2026-04-23T08:00:00Z,2026-04-23T09:00:00Z,Team planning,internal_required,accepted,team,
CAL-016,U001,2026-04-23T11:00:00Z,2026-04-23T12:00:00Z,Account check-in,customer_required,accepted,team,
CAL-017,U001,2026-04-23T14:00:00Z,2026-04-23T15:00:00Z,Focus block,focus,accepted,team,
CAL-018,U001,2026-04-24T08:00:00Z,2026-04-24T09:00:00Z,Team planning,internal_required,accepted,team,
CAL-019,U001,2026-04-24T11:00:00Z,2026-04-24T12:00:00Z,Account check-in,customer_required,accepted,team,
CAL-020,U001,2026-04-24T14:00:00Z,2026-04-24T15:00:00Z,Focus block,focus,accepted,team,
CAL-021,U002,2026-04-20T09:00:00Z,2026-04-20T10:00:00Z,Team planning,internal_required,accepted,team,
CAL-022,U002,2026-04-20T12:00:00Z,2026-04-20T13:00:00Z,Account check-in,customer_required,accepted,team,
CAL-023,U002,2026-04-20T15:00:00Z,2026-04-20T16:00:00Z,Focus block,focus,accepted,team,
CAL-024,U002,2026-04-21T09:00:00Z,2026-04-21T10:00:00Z,Team planning,internal_required,accepted,team,
CAL-025,U002,2026-04-21T12:00:00Z,2026-04-21T13:00:00Z,Account check-in,customer_required,accepted,team,
CAL-026,U002,2026-04-21T15:00:00Z,2026-04-21T16:00:00Z,Focus block,focus,accepted,team,
CAL-027,U002,2026-04-22T09:00:00Z,2026-04-22T10:00:00Z,Team planning,internal_required,accepted,team,
CAL-028,U002,2026-04-22T12:00:00Z,2026-04-22T13:00:00Z,Account check-in,customer_required,accepted,team,
CAL-029,U002,2026-04-22T15:00:00Z,2026-04-22T16:00:00Z,Focus block,focus,accepted,team,
CAL-030,U002,2026-04-23T09:00:00Z,2026-04-23T10:00:00Z,Team planning,internal_required,accepted,team,
CAL-031,U002,2026-04-23T12:00:00Z,2026-04-23T13:00:00Z,Account check-in,customer_required,accepted,team,
CAL-032,U002,2026-04-23T15:00:00Z,2026-04-23T16:00:00Z,Focus block,focus,accepted,team,
CAL-033,U002,2026-04-24T09:00:00Z,2026-04-24T10:00:00Z,Team planning,internal_required,accepted,team,
CAL-034,U002,2026-04-24T12:00:00Z,2026-04-24T13:00:00Z,Account check-in,customer_required,accepted,team,
CAL-035,U002,2026-04-24T15:00:00Z,2026-04-24T16:00:00Z,Focus block,focus,accepted,team,
CAL-036,U003,2026-04-20T08:00:00Z,2026-04-20T09:00:00Z,Team planning,internal_required,accepted,team,
CAL-037,U003,2026-04-20T11:00:00Z,2026-04-20T12:00:00Z,Account check-in,customer_required,accepted,team,
CAL-038,U003,2026-04-20T14:00:00Z,2026-04-20T15:00:00Z,Focus block,focus,accepted,team,
CAL-039,U003,2026-04-21T08:00:00Z,2026-04-21T09:00:00Z,Team planning,internal_required,accepted,team,
CAL-040,U003,2026-04-21T11:00:00Z,2026-04-21T12:00:00Z,Account check-in,customer_required,accepted,team,
CAL-041,U003,2026-04-21T14:00:00Z,2026-04-21T15:00:00Z,Focus block,focus,accepted,team,
CAL-042,U003,2026-04-22T08:00:00Z,2026-04-22T09:00:00Z,Team planning,internal_required,accepted,team,
CAL-043,U003,2026-04-22T11:00:00Z,2026-04-22T12:00:00Z,Account check-in,customer_required,accepted,team,
CAL-044,U003,2026-04-22T14:00:00Z,2026-04-22T15:00:00Z,Focus block,focus,accepted,team,
CAL-045,U003,2026-04-23T08:00:00Z,2026-04-23T09:00:00Z,Team planning,internal_required,accepted,team,
CAL-046,U003,2026-04-23T11:00:00Z,2026-04-23T12:00:00Z,Account check-in,customer_required,accepted,team,
CAL-047,U003,2026-04-23T14:00:00Z,2026-04-23T15:00:00Z,Focus block,focus,accepted,team,
CAL-048,U003,2026-04-24T08:00:00Z,2026-04-24T09:00:00Z,Team planning,internal_required,accepted,team,
CAL-049,U003,2026-04-24T11:00:00Z,2026-04-24T12:00:00Z,Account check-in,customer_required,accepted,team,
CAL-050,U003,2026-04-24T14:00:00Z,2026-04-24T15:00:00Z,Focus block,focus,accepted,team,
CAL-051,U004,2026-04-20T09:00:00Z,2026-04-20T10:00:00Z,Team planning,internal_required,accepted,team,
CAL-052,U004,2026-04-20T12:00:00Z,2026-04-20T13:00:00Z,Account check-in,customer_required,accepted,team,
CAL-053,U004,2026-04-20T15:00:00Z,2026-04-20T16:00:00Z,Focus block,focus,accepted,team,
CAL-054,U004,2026-04-21T09:00:00Z,2026-04-21T10:00:00Z,Team planning,internal_required,accepted,team,
CAL-055,U004,2026-04-21T12:00:00Z,2026-04-21T13:00:00Z,Account check-in,customer_required,accepted,team,
CAL-056,U004,2026-04-21T15:00:00Z,2026-04-21T16:00:00Z,Focus block,focus,accepted,team,
CAL-057,U004,2026-04-22T09:00:00Z,2026-04-22T10:00:00Z,Team planning,internal_required,accepted,team,
CAL-058,U004,2026-04-22T12:00:00Z,2026-04-22T13:00:00Z,Account check-in,customer_required,accepted,team,
CAL-059,U004,2026-04-22T15:00:00Z,2026-04-22T16:00:00Z,Focus block,focus,accepted,team,
CAL-060,U004,2026-04-23T09:00:00Z,2026-04-23T10:00:00Z,Team planning,internal_required,accepted,team,
CAL-061,U004,2026-04-23T12:00:00Z,2026-04-23T13:00:00Z,Account check-in,customer_required,accepted,team,
CAL-062,U004,2026-04-23T15:00:00Z,2026-04-23T16:00:00Z,Focus block,focus,accepted,team,
CAL-063,U004,2026-04-24T09:00:00Z,2026-04-24T10:00:00Z,Team planning,internal_required,accepted,team,
CAL-064,U004,2026-04-24T12:00:00Z,2026-04-24T13:00:00Z,Account check-in,customer_required,accepted,team,
CAL-065,U004,2026-04-24T15:00:00Z,2026-04-24T16:00:00Z,Focus block,focus,accepted,team,
CAL-066,U005,2026-04-20T08:00:00Z,2026-04-20T09:00:00Z,Team planning,internal_required,accepted,team,
CAL-067,U005,2026-04-20T11:00:00Z,2026-04-20T12:00:00Z,Account check-in,customer_required,accepted,team,
CAL-068,U005,2026-04-20T14:00:00Z,2026-04-20T15:00:00Z,Focus block,focus,accepted,team,
CAL-069,U005,2026-04-21T08:00:00Z,2026-04-21T09:00:00Z,Team planning,internal_required,accepted,team,
CAL-070,U005,2026-04-21T11:00:00Z,2026-04-21T12:00:00Z,Account check-in,customer_required,accepted,team,
CAL-071,U005,2026-04-21T14:00:00Z,2026-04-21T15:00:00Z,Focus block,focus,accepted,team,
CAL-072,U005,2026-04-22T08:00:00Z,2026-04-22T09:00:00Z,Team planning,internal_required,declined,team,
CAL-073,U005,2026-04-22T11:00:00Z,2026-04-22T12:00:00Z,Account check-in,customer_required,declined,team,
CAL-074,U005,2026-04-22T14:00:00Z,2026-04-22T15:00:00Z,Focus block,focus,declined,team,
CAL-075,U005,2026-04-23T08:00:00Z,2026-04-23T09:00:00Z,Team planning,internal_required,declined,team,
CAL-076,U005,2026-04-23T11:00:00Z,2026-04-23T12:00:00Z,Account check-in,customer_required,declined,team,
CAL-077,U005,2026-04-23T14:00:00Z,2026-04-23T15:00:00Z,Focus block,focus,declined,team,
CAL-078,U005,2026-04-24T08:00:00Z,2026-04-24T09:00:00Z,Team planning,internal_required,declined,team,
CAL-079,U005,2026-04-24T11:00:00Z,2026-04-24T12:00:00Z,Account check-in,customer_required,declined,team,
CAL-080,U005,2026-04-24T14:00:00Z,2026-04-24T15:00:00Z,Focus block,focus,declined,team,
